{"parent": "minecraft:block/cube_all", "textures": {"all": "block/chiseled_nether_bricks"}, "elements": [{"from": [0, 0, 0], "to": [16, 16, 16], "faces": {"north": {"uv": [0, 0, 16, 16], "texture": "#all", "cullface": "north"}, "east": {"uv": [0, 0, 16, 16], "texture": "#all", "cullface": "east"}, "south": {"uv": [0, 0, 16, 16], "texture": "#all", "cullface": "south"}, "west": {"uv": [0, 0, 16, 16], "texture": "#all", "cullface": "west"}, "up": {"uv": [0, 0, 16, 16], "texture": "#all", "cullface": "up"}, "down": {"uv": [0, 0, 16, 16], "texture": "#all", "cullface": "down"}}}, {"from": [1, 1, -0.49], "to": [3, 3, 0], "faces": {"north": {"uv": [13, 13, 15, 15], "texture": "#all", "cullface": "north"}, "east": {"uv": [13, 13, 14, 15], "texture": "#all", "cullface": "north"}, "west": {"uv": [14, 13, 15, 15], "texture": "#all", "cullface": "north"}, "up": {"uv": [13, 13, 15, 14], "rotation": 180, "texture": "#all", "cullface": "north"}, "down": {"uv": [13, 14, 15, 15], "rotation": 180, "texture": "#all", "cullface": "north"}}}, {"from": [4, 1, -0.49], "to": [11, 3, 0], "faces": {"north": {"uv": [5, 13, 12, 15], "texture": "#all", "cullface": "north"}, "east": {"uv": [5, 13, 6, 15], "texture": "#all", "cullface": "north"}, "west": {"uv": [11, 13, 12, 15], "texture": "#all", "cullface": "north"}, "up": {"uv": [5, 13, 12, 14], "rotation": 180, "texture": "#all", "cullface": "north"}, "down": {"uv": [5, 14, 12, 15], "rotation": 180, "texture": "#all", "cullface": "north"}}}, {"from": [12, 1, -0.49], "to": [16, 3, 0], "faces": {"north": {"uv": [0, 13, 4, 15], "texture": "#all", "cullface": "north"}, "east": {"uv": [0, 13, 1, 15], "texture": "#all", "cullface": "north"}, "west": {"uv": [3, 13, 4, 15], "texture": "#all", "cullface": "north"}, "up": {"uv": [0, 13, 4, 14], "rotation": 180, "texture": "#all", "cullface": "north"}, "down": {"uv": [0, 14, 4, 15], "rotation": 180, "texture": "#all", "cullface": "north"}}}, {"from": [15, 3, -0.49], "to": [16, 16, 0], "faces": {"north": {"uv": [0, 0, 1, 13], "texture": "#all", "cullface": "north"}, "east": {"uv": [0, 0, 1, 13], "texture": "#all", "cullface": "north"}, "west": {"uv": [0, 0, 1, 13], "texture": "#all", "cullface": "north"}, "up": {"uv": [0, 0, 1, 1], "rotation": 180, "texture": "#all", "cullface": "north"}}}, {"from": [1, 4, -0.49], "to": [3, 7, 0], "faces": {"north": {"uv": [13, 9, 15, 12], "texture": "#all", "cullface": "north"}, "east": {"uv": [13, 9, 14, 12], "texture": "#all", "cullface": "north"}, "west": {"uv": [14, 9, 15, 12], "texture": "#all", "cullface": "north"}, "up": {"uv": [13, 9, 15, 10], "rotation": 180, "texture": "#all", "cullface": "north"}, "down": {"uv": [13, 11, 15, 12], "rotation": 180, "texture": "#all", "cullface": "north"}}}, {"from": [1, 8, -0.49], "to": [3, 11, 0], "faces": {"north": {"uv": [13, 5, 15, 8], "texture": "#all", "cullface": "north"}, "east": {"uv": [13, 5, 14, 8], "texture": "#all", "cullface": "north"}, "west": {"uv": [14, 5, 15, 8], "texture": "#all", "cullface": "north"}, "up": {"uv": [13, 5, 15, 6], "rotation": 180, "texture": "#all", "cullface": "north"}, "down": {"uv": [13, 7, 15, 8], "rotation": 180, "texture": "#all", "cullface": "north"}}}, {"from": [1, 12, -0.49], "to": [3, 14, 0], "faces": {"north": {"uv": [13, 2, 15, 4], "texture": "#all", "cullface": "north"}, "east": {"uv": [13, 2, 14, 4], "texture": "#all", "cullface": "north"}, "west": {"uv": [14, 2, 15, 4], "texture": "#all", "cullface": "north"}, "down": {"uv": [13, 3, 15, 4], "rotation": 180, "texture": "#all", "cullface": "north"}}}, {"from": [1, 14, -0.49], "to": [15, 16, 0], "faces": {"north": {"uv": [1, 0, 15, 2], "texture": "#all", "cullface": "north"}, "west": {"uv": [14, 0, 15, 2], "texture": "#all", "cullface": "north"}, "up": {"uv": [1, 0, 15, 1], "rotation": 180, "texture": "#all", "cullface": "north"}, "down": {"uv": [1, 1, 15, 2], "rotation": 180, "texture": "#all", "cullface": "north"}}}, {"from": [14, 12, -0.49], "to": [15, 14, 0], "faces": {"north": {"uv": [1, 2, 2, 4], "texture": "#all", "cullface": "north"}, "west": {"uv": [1, 2, 2, 4], "texture": "#all", "cullface": "north"}, "down": {"uv": [1, 3, 2, 4], "rotation": 180, "texture": "#all", "cullface": "north"}}}, {"from": [14, 8, -0.49], "to": [15, 11, 0], "faces": {"north": {"uv": [1, 5, 2, 8], "texture": "#all", "cullface": "north"}, "west": {"uv": [1, 5, 2, 8], "texture": "#all", "cullface": "north"}, "up": {"uv": [1, 5, 2, 6], "rotation": 180, "texture": "#all", "cullface": "north"}, "down": {"uv": [1, 7, 2, 8], "rotation": 180, "texture": "#all", "cullface": "north"}}}, {"from": [14, 4, -0.49], "to": [15, 7, 0], "faces": {"north": {"uv": [1, 9, 2, 12], "texture": "#all", "cullface": "north"}, "west": {"uv": [1, 9, 2, 12], "texture": "#all", "cullface": "north"}, "up": {"uv": [1, 9, 2, 10], "rotation": 180, "texture": "#all", "cullface": "north"}, "down": {"uv": [1, 11, 2, 12], "rotation": 180, "texture": "#all", "cullface": "north"}}}, {"from": [4, 4, -0.49], "to": [13, 13, 0], "faces": {"north": {"uv": [3, 3, 12, 12], "texture": "#all", "cullface": "north"}, "east": {"uv": [3, 3, 4, 12], "texture": "#all", "cullface": "north"}, "west": {"uv": [11, 3, 12, 12], "texture": "#all", "cullface": "north"}, "up": {"uv": [3, 3, 12, 4], "rotation": 180, "texture": "#all", "cullface": "north"}, "down": {"uv": [3, 11, 12, 12], "rotation": 180, "texture": "#all", "cullface": "north"}}}, {"from": [16, 1, 1], "to": [16.49, 3, 3], "faces": {"north": {"uv": [14, 13, 15, 15], "texture": "#all", "cullface": "east"}, "east": {"uv": [13, 13, 15, 15], "texture": "#all", "cullface": "east"}, "south": {"uv": [13, 13, 14, 15], "texture": "#all", "cullface": "east"}, "up": {"uv": [13, 13, 15, 14], "rotation": 270, "texture": "#all", "cullface": "east"}, "down": {"uv": [13, 14, 15, 15], "rotation": 90, "texture": "#all", "cullface": "east"}}}, {"from": [16, 1, 4], "to": [16.49, 3, 11], "faces": {"north": {"uv": [11, 13, 12, 15], "texture": "#all", "cullface": "east"}, "east": {"uv": [5, 13, 12, 15], "texture": "#all", "cullface": "east"}, "south": {"uv": [5, 13, 6, 15], "texture": "#all", "cullface": "east"}, "up": {"uv": [5, 13, 12, 14], "rotation": 270, "texture": "#all", "cullface": "east"}, "down": {"uv": [5, 14, 12, 15], "rotation": 90, "texture": "#all", "cullface": "east"}}}, {"from": [16, 1, 12], "to": [16.49, 3, 16], "faces": {"north": {"uv": [3, 13, 4, 15], "texture": "#all", "cullface": "east"}, "east": {"uv": [0, 13, 4, 15], "texture": "#all", "cullface": "east"}, "south": {"uv": [0, 13, 1, 15], "texture": "#all", "cullface": "east"}, "up": {"uv": [0, 13, 4, 14], "rotation": 270, "texture": "#all", "cullface": "east"}, "down": {"uv": [0, 14, 4, 15], "rotation": 90, "texture": "#all", "cullface": "east"}}}, {"from": [16, 3, 15], "to": [16.49, 16, 16], "faces": {"north": {"uv": [0, 0, 1, 13], "texture": "#all", "cullface": "east"}, "east": {"uv": [0, 0, 1, 13], "texture": "#all", "cullface": "east"}, "south": {"uv": [0, 0, 1, 13], "texture": "#all", "cullface": "east"}, "up": {"uv": [0, 0, 1, 1], "rotation": 270, "texture": "#all", "cullface": "east"}}}, {"from": [16, 4, 1], "to": [16.49, 7, 3], "faces": {"north": {"uv": [14, 9, 15, 12], "texture": "#all", "cullface": "east"}, "east": {"uv": [13, 9, 15, 12], "texture": "#all", "cullface": "east"}, "south": {"uv": [13, 9, 14, 12], "texture": "#all", "cullface": "east"}, "up": {"uv": [13, 9, 15, 10], "rotation": 270, "texture": "#all", "cullface": "east"}, "down": {"uv": [13, 11, 15, 12], "rotation": 90, "texture": "#all", "cullface": "east"}}}, {"from": [16, 8, 1], "to": [16.49, 11, 3], "faces": {"north": {"uv": [14, 5, 15, 8], "texture": "#all", "cullface": "east"}, "east": {"uv": [13, 5, 15, 8], "texture": "#all", "cullface": "east"}, "south": {"uv": [13, 5, 14, 8], "texture": "#all", "cullface": "east"}, "up": {"uv": [13, 5, 15, 6], "rotation": 270, "texture": "#all", "cullface": "east"}, "down": {"uv": [13, 7, 15, 8], "rotation": 90, "texture": "#all", "cullface": "east"}}}, {"from": [16, 12, 1], "to": [16.49, 14, 3], "faces": {"north": {"uv": [14, 2, 15, 4], "texture": "#all", "cullface": "east"}, "east": {"uv": [13, 2, 15, 4], "texture": "#all", "cullface": "east"}, "south": {"uv": [13, 2, 14, 4], "texture": "#all", "cullface": "east"}, "down": {"uv": [13, 3, 15, 4], "rotation": 90, "texture": "#all", "cullface": "east"}}}, {"from": [16, 14, 1], "to": [16.49, 16, 15], "faces": {"north": {"uv": [14, 0, 15, 2], "texture": "#all", "cullface": "east"}, "east": {"uv": [1, 0, 15, 2], "texture": "#all", "cullface": "east"}, "up": {"uv": [1, 0, 15, 1], "rotation": 270, "texture": "#all", "cullface": "east"}, "down": {"uv": [1, 1, 15, 2], "rotation": 90, "texture": "#all", "cullface": "east"}}}, {"from": [16, 12, 14], "to": [16.49, 14, 15], "faces": {"north": {"uv": [1, 2, 2, 4], "texture": "#all", "cullface": "east"}, "east": {"uv": [1, 2, 2, 4], "texture": "#all", "cullface": "east"}, "down": {"uv": [1, 3, 2, 4], "rotation": 90, "texture": "#all", "cullface": "east"}}}, {"from": [16, 8, 14], "to": [16.49, 11, 15], "faces": {"north": {"uv": [1, 5, 2, 8], "texture": "#all", "cullface": "east"}, "east": {"uv": [1, 5, 2, 8], "texture": "#all", "cullface": "east"}, "up": {"uv": [1, 5, 2, 6], "rotation": 270, "texture": "#all", "cullface": "east"}, "down": {"uv": [1, 7, 2, 8], "rotation": 90, "texture": "#all", "cullface": "east"}}}, {"from": [16, 4, 14], "to": [16.49, 7, 15], "faces": {"north": {"uv": [1, 9, 2, 12], "texture": "#all", "cullface": "east"}, "east": {"uv": [1, 9, 2, 12], "texture": "#all", "cullface": "east"}, "up": {"uv": [1, 9, 2, 10], "rotation": 270, "texture": "#all", "cullface": "east"}, "down": {"uv": [1, 11, 2, 12], "rotation": 90, "texture": "#all", "cullface": "east"}}}, {"from": [16, 4, 4], "to": [16.49, 13, 13], "faces": {"north": {"uv": [11, 3, 12, 12], "texture": "#all", "cullface": "east"}, "east": {"uv": [3, 3, 12, 12], "texture": "#all", "cullface": "east"}, "south": {"uv": [3, 3, 4, 12], "texture": "#all", "cullface": "east"}, "up": {"uv": [3, 3, 12, 4], "rotation": 270, "texture": "#all", "cullface": "east"}, "down": {"uv": [3, 11, 12, 12], "rotation": 90, "texture": "#all", "cullface": "east"}}}, {"from": [13, 1, 16], "to": [15, 3, 16.49], "faces": {"east": {"uv": [14, 13, 15, 15], "texture": "#all", "cullface": "south"}, "south": {"uv": [13, 13, 15, 15], "texture": "#all", "cullface": "south"}, "west": {"uv": [13, 13, 14, 15], "texture": "#all", "cullface": "south"}, "up": {"uv": [13, 13, 15, 14], "texture": "#all", "cullface": "south"}, "down": {"uv": [13, 14, 15, 15], "texture": "#all", "cullface": "south"}}}, {"from": [5, 1, 16], "to": [12, 3, 16.49], "faces": {"east": {"uv": [11, 13, 12, 15], "texture": "#all", "cullface": "south"}, "south": {"uv": [5, 13, 12, 15], "texture": "#all", "cullface": "south"}, "west": {"uv": [5, 13, 6, 15], "texture": "#all", "cullface": "south"}, "up": {"uv": [5, 13, 12, 14], "texture": "#all", "cullface": "south"}, "down": {"uv": [5, 14, 12, 15], "texture": "#all", "cullface": "south"}}}, {"from": [0, 1, 16], "to": [4, 3, 16.49], "faces": {"east": {"uv": [3, 13, 4, 15], "texture": "#all", "cullface": "south"}, "south": {"uv": [0, 13, 4, 15], "texture": "#all", "cullface": "south"}, "west": {"uv": [0, 13, 1, 15], "texture": "#all", "cullface": "south"}, "up": {"uv": [0, 13, 4, 14], "texture": "#all", "cullface": "south"}, "down": {"uv": [0, 14, 4, 15], "texture": "#all", "cullface": "south"}}}, {"from": [0, 3, 16], "to": [1, 16, 16.49], "faces": {"east": {"uv": [0, 0, 1, 13], "texture": "#all", "cullface": "south"}, "south": {"uv": [0, 0, 1, 13], "texture": "#all", "cullface": "south"}, "west": {"uv": [0, 0, 1, 13], "texture": "#all", "cullface": "south"}, "up": {"uv": [0, 0, 1, 1], "texture": "#all", "cullface": "south"}}}, {"from": [13, 4, 16], "to": [15, 7, 16.49], "faces": {"east": {"uv": [14, 9, 15, 12], "texture": "#all", "cullface": "south"}, "south": {"uv": [13, 9, 15, 12], "texture": "#all", "cullface": "south"}, "west": {"uv": [13, 9, 14, 12], "texture": "#all", "cullface": "south"}, "up": {"uv": [13, 9, 15, 10], "texture": "#all", "cullface": "south"}, "down": {"uv": [13, 11, 15, 12], "texture": "#all", "cullface": "south"}}}, {"from": [13, 8, 16], "to": [15, 11, 16.49], "faces": {"east": {"uv": [14, 5, 15, 8], "texture": "#all", "cullface": "south"}, "south": {"uv": [13, 5, 15, 8], "texture": "#all", "cullface": "south"}, "west": {"uv": [13, 5, 14, 8], "texture": "#all", "cullface": "south"}, "up": {"uv": [13, 5, 15, 6], "texture": "#all", "cullface": "south"}, "down": {"uv": [13, 7, 15, 8], "texture": "#all", "cullface": "south"}}}, {"from": [13, 12, 16], "to": [15, 14, 16.49], "faces": {"east": {"uv": [14, 2, 15, 4], "texture": "#all", "cullface": "south"}, "south": {"uv": [13, 2, 15, 4], "texture": "#all", "cullface": "south"}, "west": {"uv": [13, 2, 14, 4], "texture": "#all", "cullface": "south"}, "down": {"uv": [13, 3, 15, 4], "texture": "#all", "cullface": "south"}}}, {"from": [1, 14, 16], "to": [15, 16, 16.49], "faces": {"east": {"uv": [14, 0, 15, 2], "texture": "#all", "cullface": "south"}, "south": {"uv": [1, 0, 15, 2], "texture": "#all", "cullface": "south"}, "up": {"uv": [1, 0, 15, 1], "texture": "#all", "cullface": "south"}, "down": {"uv": [1, 1, 15, 2], "texture": "#all", "cullface": "south"}}}, {"from": [1, 12, 16], "to": [2, 14, 16.49], "faces": {"east": {"uv": [1, 2, 2, 4], "texture": "#all", "cullface": "south"}, "south": {"uv": [1, 2, 2, 4], "texture": "#all", "cullface": "south"}, "down": {"uv": [1, 3, 2, 4], "texture": "#all", "cullface": "south"}}}, {"from": [1, 8, 16], "to": [2, 11, 16.49], "faces": {"east": {"uv": [1, 5, 2, 8], "texture": "#all", "cullface": "south"}, "south": {"uv": [1, 5, 2, 8], "texture": "#all", "cullface": "south"}, "up": {"uv": [1, 5, 2, 6], "texture": "#all", "cullface": "south"}, "down": {"uv": [1, 7, 2, 8], "texture": "#all", "cullface": "south"}}}, {"from": [1, 4, 16], "to": [2, 7, 16.49], "faces": {"east": {"uv": [1, 9, 2, 12], "texture": "#all", "cullface": "south"}, "south": {"uv": [1, 9, 2, 12], "texture": "#all", "cullface": "south"}, "up": {"uv": [1, 9, 2, 10], "texture": "#all", "cullface": "south"}, "down": {"uv": [1, 11, 2, 12], "texture": "#all", "cullface": "south"}}}, {"from": [3, 4, 16], "to": [12, 13, 16.49], "faces": {"east": {"uv": [11, 3, 12, 12], "texture": "#all", "cullface": "south"}, "south": {"uv": [3, 3, 12, 12], "texture": "#all", "cullface": "south"}, "west": {"uv": [3, 3, 4, 12], "texture": "#all", "cullface": "south"}, "up": {"uv": [3, 3, 12, 4], "texture": "#all", "cullface": "south"}, "down": {"uv": [3, 11, 12, 12], "texture": "#all", "cullface": "south"}}}, {"from": [-0.49, 1, 13], "to": [0, 3, 15], "faces": {"north": {"uv": [13, 13, 14, 15], "texture": "#all", "cullface": "west"}, "south": {"uv": [14, 13, 15, 15], "texture": "#all", "cullface": "west"}, "west": {"uv": [13, 13, 15, 15], "texture": "#all", "cullface": "west"}, "up": {"uv": [13, 13, 15, 14], "rotation": 90, "texture": "#all", "cullface": "west"}, "down": {"uv": [13, 14, 15, 15], "rotation": 270, "texture": "#all", "cullface": "west"}}}, {"from": [-0.49, 1, 5], "to": [0, 3, 12], "faces": {"north": {"uv": [5, 13, 6, 15], "texture": "#all", "cullface": "west"}, "south": {"uv": [11, 13, 12, 15], "texture": "#all", "cullface": "west"}, "west": {"uv": [5, 13, 12, 15], "texture": "#all", "cullface": "west"}, "up": {"uv": [5, 13, 12, 14], "rotation": 90, "texture": "#all", "cullface": "west"}, "down": {"uv": [5, 14, 12, 15], "rotation": 270, "texture": "#all", "cullface": "west"}}}, {"from": [-0.49, 1, 0], "to": [0, 3, 4], "faces": {"north": {"uv": [0, 13, 1, 15], "texture": "#all", "cullface": "west"}, "south": {"uv": [3, 13, 4, 15], "texture": "#all", "cullface": "west"}, "west": {"uv": [0, 13, 4, 15], "texture": "#all", "cullface": "west"}, "up": {"uv": [0, 13, 4, 14], "rotation": 90, "texture": "#all", "cullface": "west"}, "down": {"uv": [0, 14, 4, 15], "rotation": 270, "texture": "#all", "cullface": "west"}}}, {"from": [-0.49, 3, 0], "to": [0, 16, 1], "faces": {"north": {"uv": [0, 0, 1, 13], "texture": "#all", "cullface": "west"}, "south": {"uv": [0, 0, 1, 13], "texture": "#all", "cullface": "west"}, "west": {"uv": [0, 0, 1, 13], "texture": "#all", "cullface": "west"}, "up": {"uv": [0, 0, 1, 1], "rotation": 90, "texture": "#all", "cullface": "west"}}}, {"from": [-0.49, 4, 13], "to": [0, 7, 15], "faces": {"north": {"uv": [13, 9, 14, 12], "texture": "#all", "cullface": "west"}, "south": {"uv": [14, 9, 15, 12], "texture": "#all", "cullface": "west"}, "west": {"uv": [13, 9, 15, 12], "texture": "#all", "cullface": "west"}, "up": {"uv": [13, 9, 15, 10], "rotation": 90, "texture": "#all", "cullface": "west"}, "down": {"uv": [13, 11, 15, 12], "rotation": 270, "texture": "#all", "cullface": "west"}}}, {"from": [-0.49, 8, 13], "to": [0, 11, 15], "faces": {"north": {"uv": [13, 5, 14, 8], "texture": "#all", "cullface": "west"}, "south": {"uv": [14, 5, 15, 8], "texture": "#all", "cullface": "west"}, "west": {"uv": [13, 5, 15, 8], "texture": "#all", "cullface": "west"}, "up": {"uv": [13, 5, 15, 6], "rotation": 90, "texture": "#all", "cullface": "west"}, "down": {"uv": [13, 7, 15, 8], "rotation": 270, "texture": "#all", "cullface": "west"}}}, {"from": [-0.49, 12, 13], "to": [0, 14, 15], "faces": {"north": {"uv": [13, 2, 14, 4], "texture": "#all", "cullface": "west"}, "south": {"uv": [14, 2, 15, 4], "texture": "#all", "cullface": "west"}, "west": {"uv": [13, 2, 15, 4], "texture": "#all", "cullface": "west"}, "down": {"uv": [13, 3, 15, 4], "rotation": 270, "texture": "#all", "cullface": "west"}}}, {"from": [-0.49, 14, 1], "to": [0, 16, 15], "faces": {"south": {"uv": [14, 0, 15, 2], "texture": "#all", "cullface": "west"}, "west": {"uv": [1, 0, 15, 2], "texture": "#all", "cullface": "west"}, "up": {"uv": [1, 0, 15, 1], "rotation": 90, "texture": "#all", "cullface": "west"}, "down": {"uv": [1, 1, 15, 2], "rotation": 270, "texture": "#all", "cullface": "west"}}}, {"from": [-0.49, 12, 1], "to": [0, 14, 2], "faces": {"south": {"uv": [1, 2, 2, 4], "texture": "#all", "cullface": "west"}, "west": {"uv": [1, 2, 2, 4], "texture": "#all", "cullface": "west"}, "down": {"uv": [1, 3, 2, 4], "rotation": 270, "texture": "#all", "cullface": "west"}}}, {"from": [-0.49, 8, 1], "to": [0, 11, 2], "faces": {"south": {"uv": [1, 5, 2, 8], "texture": "#all", "cullface": "west"}, "west": {"uv": [1, 5, 2, 8], "texture": "#all", "cullface": "west"}, "up": {"uv": [1, 5, 2, 6], "rotation": 90, "texture": "#all", "cullface": "west"}, "down": {"uv": [1, 7, 2, 8], "rotation": 270, "texture": "#all", "cullface": "west"}}}, {"from": [-0.49, 4, 1], "to": [0, 7, 2], "faces": {"south": {"uv": [1, 9, 2, 12], "texture": "#all", "cullface": "west"}, "west": {"uv": [1, 9, 2, 12], "texture": "#all", "cullface": "west"}, "up": {"uv": [1, 9, 2, 10], "rotation": 90, "texture": "#all", "cullface": "west"}, "down": {"uv": [1, 11, 2, 12], "rotation": 270, "texture": "#all", "cullface": "west"}}}, {"from": [-0.49, 4, 3], "to": [0, 13, 12], "faces": {"north": {"uv": [3, 3, 4, 12], "texture": "#all", "cullface": "west"}, "south": {"uv": [11, 3, 12, 12], "texture": "#all", "cullface": "west"}, "west": {"uv": [3, 3, 12, 12], "texture": "#all", "cullface": "west"}, "up": {"uv": [3, 3, 12, 4], "rotation": 90, "texture": "#all", "cullface": "west"}, "down": {"uv": [3, 11, 12, 12], "rotation": 270, "texture": "#all", "cullface": "west"}}}, {"from": [13, 16, 13], "to": [15, 16.49, 15], "faces": {"north": {"uv": [13, 13, 15, 14], "rotation": 180, "texture": "#all", "cullface": "up"}, "east": {"uv": [14, 13, 15, 15], "rotation": 90, "texture": "#all", "cullface": "up"}, "south": {"uv": [13, 14, 15, 15], "texture": "#all", "cullface": "up"}, "west": {"uv": [13, 13, 14, 15], "rotation": 270, "texture": "#all", "cullface": "up"}, "up": {"uv": [13, 13, 15, 15], "texture": "#all", "cullface": "up"}}}, {"from": [5, 16, 13], "to": [12, 16.49, 15], "faces": {"north": {"uv": [5, 13, 12, 14], "rotation": 180, "texture": "#all", "cullface": "up"}, "east": {"uv": [11, 13, 12, 15], "rotation": 90, "texture": "#all", "cullface": "up"}, "south": {"uv": [5, 14, 12, 15], "texture": "#all", "cullface": "up"}, "west": {"uv": [5, 13, 6, 15], "rotation": 270, "texture": "#all", "cullface": "up"}, "up": {"uv": [5, 13, 12, 15], "texture": "#all", "cullface": "up"}}}, {"from": [0, 16, 13], "to": [4, 16.49, 15], "faces": {"north": {"uv": [0, 13, 4, 14], "rotation": 180, "texture": "#all", "cullface": "up"}, "east": {"uv": [3, 13, 4, 15], "rotation": 90, "texture": "#all", "cullface": "up"}, "south": {"uv": [0, 14, 4, 15], "texture": "#all", "cullface": "up"}, "west": {"uv": [0, 13, 1, 15], "rotation": 270, "texture": "#all", "cullface": "up"}, "up": {"uv": [0, 13, 4, 15], "texture": "#all", "cullface": "up"}}}, {"from": [0, 16, 0], "to": [1, 16.49, 13], "faces": {"north": {"uv": [0, 0, 1, 1], "rotation": 180, "texture": "#all", "cullface": "up"}, "east": {"uv": [0, 0, 1, 13], "rotation": 90, "texture": "#all", "cullface": "up"}, "west": {"uv": [0, 0, 1, 13], "rotation": 270, "texture": "#all", "cullface": "up"}, "up": {"uv": [0, 0, 1, 13], "texture": "#all", "cullface": "up"}}}, {"from": [13, 16, 9], "to": [15, 16.49, 12], "faces": {"north": {"uv": [13, 9, 15, 10], "rotation": 180, "texture": "#all", "cullface": "up"}, "east": {"uv": [14, 9, 15, 12], "rotation": 90, "texture": "#all", "cullface": "up"}, "south": {"uv": [13, 11, 15, 12], "texture": "#all", "cullface": "up"}, "west": {"uv": [13, 9, 14, 12], "rotation": 270, "texture": "#all", "cullface": "up"}, "up": {"uv": [13, 9, 15, 12], "texture": "#all", "cullface": "up"}}}, {"from": [13, 16, 5], "to": [15, 16.49, 8], "faces": {"north": {"uv": [13, 5, 15, 6], "rotation": 180, "texture": "#all", "cullface": "up"}, "east": {"uv": [14, 5, 15, 8], "rotation": 90, "texture": "#all", "cullface": "up"}, "south": {"uv": [13, 7, 15, 8], "texture": "#all", "cullface": "up"}, "west": {"uv": [13, 5, 14, 8], "rotation": 270, "texture": "#all", "cullface": "up"}, "up": {"uv": [13, 5, 15, 8], "texture": "#all", "cullface": "up"}}}, {"from": [13, 16, 2], "to": [15, 16.49, 4], "faces": {"east": {"uv": [14, 2, 15, 4], "rotation": 90, "texture": "#all", "cullface": "up"}, "south": {"uv": [13, 3, 15, 4], "texture": "#all", "cullface": "up"}, "west": {"uv": [13, 2, 14, 4], "rotation": 270, "texture": "#all", "cullface": "up"}, "up": {"uv": [13, 2, 15, 4], "texture": "#all", "cullface": "up"}}}, {"from": [1, 16, 0], "to": [15, 16.49, 2], "faces": {"north": {"uv": [1, 0, 15, 1], "rotation": 180, "texture": "#all", "cullface": "up"}, "east": {"uv": [14, 0, 15, 2], "rotation": 90, "texture": "#all", "cullface": "up"}, "south": {"uv": [1, 1, 15, 2], "texture": "#all", "cullface": "up"}, "up": {"uv": [1, 0, 15, 2], "texture": "#all", "cullface": "up"}}}, {"from": [1, 16, 2], "to": [2, 16.49, 4], "faces": {"east": {"uv": [1, 2, 2, 4], "rotation": 90, "texture": "#all", "cullface": "up"}, "south": {"uv": [1, 3, 2, 4], "texture": "#all", "cullface": "up"}, "up": {"uv": [1, 2, 2, 4], "texture": "#all", "cullface": "up"}}}, {"from": [1, 16, 5], "to": [2, 16.49, 8], "faces": {"north": {"uv": [1, 5, 2, 6], "rotation": 180, "texture": "#all", "cullface": "up"}, "east": {"uv": [1, 5, 2, 8], "rotation": 90, "texture": "#all", "cullface": "up"}, "south": {"uv": [1, 7, 2, 8], "texture": "#all", "cullface": "up"}, "up": {"uv": [1, 5, 2, 8], "texture": "#all", "cullface": "up"}}}, {"from": [1, 16, 9], "to": [2, 16.49, 12], "faces": {"north": {"uv": [1, 9, 2, 10], "rotation": 180, "texture": "#all", "cullface": "up"}, "east": {"uv": [1, 9, 2, 12], "rotation": 90, "texture": "#all", "cullface": "up"}, "south": {"uv": [1, 11, 2, 12], "texture": "#all", "cullface": "up"}, "up": {"uv": [1, 9, 2, 12], "texture": "#all", "cullface": "up"}}}, {"from": [3, 16, 3], "to": [12, 16.49, 12], "faces": {"north": {"uv": [3, 3, 12, 4], "rotation": 180, "texture": "#all", "cullface": "up"}, "east": {"uv": [11, 3, 12, 12], "rotation": 90, "texture": "#all", "cullface": "up"}, "south": {"uv": [3, 11, 12, 12], "texture": "#all", "cullface": "up"}, "west": {"uv": [3, 3, 4, 12], "rotation": 270, "texture": "#all", "cullface": "up"}, "up": {"uv": [3, 3, 12, 12], "texture": "#all", "cullface": "up"}}}, {"from": [13, -0.49, 1], "to": [15, 0, 3], "faces": {"north": {"uv": [13, 14, 15, 15], "rotation": 180, "texture": "#all", "cullface": "down"}, "east": {"uv": [14, 13, 15, 15], "rotation": 270, "texture": "#all", "cullface": "down"}, "south": {"uv": [13, 13, 15, 14], "texture": "#all", "cullface": "down"}, "west": {"uv": [13, 13, 14, 15], "rotation": 90, "texture": "#all", "cullface": "down"}, "down": {"uv": [13, 13, 15, 15], "texture": "#all", "cullface": "down"}}}, {"from": [5, -0.49, 1], "to": [12, 0, 3], "faces": {"north": {"uv": [5, 14, 12, 15], "rotation": 180, "texture": "#all", "cullface": "down"}, "east": {"uv": [11, 13, 12, 15], "rotation": 270, "texture": "#all", "cullface": "down"}, "south": {"uv": [5, 13, 12, 14], "texture": "#all", "cullface": "down"}, "west": {"uv": [5, 13, 6, 15], "rotation": 90, "texture": "#all", "cullface": "down"}, "down": {"uv": [5, 13, 12, 15], "texture": "#all", "cullface": "down"}}}, {"from": [0, -0.49, 1], "to": [4, 0, 3], "faces": {"north": {"uv": [0, 14, 4, 15], "rotation": 180, "texture": "#all", "cullface": "down"}, "east": {"uv": [3, 13, 4, 15], "rotation": 270, "texture": "#all", "cullface": "down"}, "south": {"uv": [0, 13, 4, 14], "texture": "#all", "cullface": "down"}, "west": {"uv": [0, 13, 1, 15], "rotation": 90, "texture": "#all", "cullface": "down"}, "down": {"uv": [0, 13, 4, 15], "texture": "#all", "cullface": "down"}}}, {"from": [0, -0.49, 3], "to": [1, 0, 16], "faces": {"east": {"uv": [0, 0, 1, 13], "rotation": 270, "texture": "#all", "cullface": "down"}, "south": {"uv": [0, 0, 1, 1], "texture": "#all", "cullface": "down"}, "west": {"uv": [0, 0, 1, 13], "rotation": 90, "texture": "#all", "cullface": "down"}, "down": {"uv": [0, 0, 1, 13], "texture": "#all", "cullface": "down"}}}, {"from": [13, -0.49, 4], "to": [15, 0, 7], "faces": {"north": {"uv": [13, 11, 15, 12], "rotation": 180, "texture": "#all", "cullface": "down"}, "east": {"uv": [14, 9, 15, 12], "rotation": 270, "texture": "#all", "cullface": "down"}, "south": {"uv": [13, 9, 15, 10], "texture": "#all", "cullface": "down"}, "west": {"uv": [13, 9, 14, 12], "rotation": 90, "texture": "#all", "cullface": "down"}, "down": {"uv": [13, 9, 15, 12], "texture": "#all", "cullface": "down"}}}, {"from": [13, -0.49, 8], "to": [15, 0, 11], "faces": {"north": {"uv": [13, 7, 15, 8], "rotation": 180, "texture": "#all", "cullface": "down"}, "east": {"uv": [14, 5, 15, 8], "rotation": 270, "texture": "#all", "cullface": "down"}, "south": {"uv": [13, 5, 15, 6], "texture": "#all", "cullface": "down"}, "west": {"uv": [13, 5, 14, 8], "rotation": 90, "texture": "#all", "cullface": "down"}, "down": {"uv": [13, 5, 15, 8], "texture": "#all", "cullface": "down"}}}, {"from": [13, -0.49, 12], "to": [15, 0, 14], "faces": {"north": {"uv": [13, 3, 15, 4], "rotation": 180, "texture": "#all", "cullface": "down"}, "east": {"uv": [14, 2, 15, 4], "rotation": 270, "texture": "#all", "cullface": "down"}, "west": {"uv": [13, 2, 14, 4], "rotation": 90, "texture": "#all", "cullface": "down"}, "down": {"uv": [13, 2, 15, 4], "texture": "#all", "cullface": "down"}}}, {"from": [1, -0.49, 14], "to": [15, 0, 16], "faces": {"north": {"uv": [1, 1, 15, 2], "rotation": 180, "texture": "#all", "cullface": "down"}, "east": {"uv": [14, 0, 15, 2], "rotation": 270, "texture": "#all", "cullface": "down"}, "south": {"uv": [1, 0, 15, 1], "texture": "#all", "cullface": "down"}, "down": {"uv": [1, 0, 15, 2], "texture": "#all", "cullface": "down"}}}, {"from": [1, -0.49, 12], "to": [2, 0, 14], "faces": {"north": {"uv": [1, 3, 2, 4], "rotation": 180, "texture": "#all", "cullface": "down"}, "east": {"uv": [1, 2, 2, 4], "rotation": 270, "texture": "#all", "cullface": "down"}, "down": {"uv": [1, 2, 2, 4], "texture": "#all", "cullface": "down"}}}, {"from": [1, -0.49, 8], "to": [2, 0, 11], "faces": {"north": {"uv": [1, 7, 2, 8], "rotation": 180, "texture": "#all", "cullface": "down"}, "east": {"uv": [1, 5, 2, 8], "rotation": 270, "texture": "#all", "cullface": "down"}, "south": {"uv": [1, 5, 2, 6], "texture": "#all", "cullface": "down"}, "down": {"uv": [1, 5, 2, 8], "texture": "#all", "cullface": "down"}}}, {"from": [1, -0.49, 4], "to": [2, 0, 7], "faces": {"north": {"uv": [1, 11, 2, 12], "rotation": 180, "texture": "#all", "cullface": "down"}, "east": {"uv": [1, 9, 2, 12], "rotation": 270, "texture": "#all", "cullface": "down"}, "south": {"uv": [1, 9, 2, 10], "texture": "#all", "cullface": "down"}, "down": {"uv": [1, 9, 2, 12], "texture": "#all", "cullface": "down"}}}, {"from": [3, -0.49, 4], "to": [12, 0, 13], "faces": {"north": {"uv": [3, 11, 12, 12], "rotation": 180, "texture": "#all", "cullface": "down"}, "east": {"uv": [11, 3, 12, 12], "rotation": 270, "texture": "#all", "cullface": "down"}, "south": {"uv": [3, 3, 12, 4], "texture": "#all", "cullface": "down"}, "west": {"uv": [3, 3, 4, 12], "rotation": 90, "texture": "#all", "cullface": "down"}, "down": {"uv": [3, 3, 12, 12], "texture": "#all", "cullface": "down"}}}], "groups": [0, {"name": "north", "origin": [8, 8, 8], "children": [1, 2, 3, 4, 5, 6, 7, 8, 9, 10, 11, 12]}, {"name": "east", "origin": [8, 8, 8], "children": [13, 14, 15, 16, 17, 18, 19, 20, 21, 22, 23, 24]}, {"name": "south", "origin": [8, 8, 8], "children": [25, 26, 27, 28, 29, 30, 31, 32, 33, 34, 35, 36]}, {"name": "west", "origin": [8, 8, 8], "children": [37, 38, 39, 40, 41, 42, 43, 44, 45, 46, 47, 48]}, {"name": "up", "origin": [8, 8, 8], "children": [49, 50, 51, 52, 53, 54, 55, 56, 57, 58, 59, 60]}, {"name": "down", "origin": [8, 8, 8], "children": [61, 62, 63, 64, 65, 66, 67, 68, 69, 70, 71, 72]}]}