{"parent": "minecraft:block/plant", "textures": {"side": "3d/crimson_fungus/crimson_fungus_side", "top": "3d/crimson_fungus/crimson_fungus_top", "bottom": "3d/crimson_fungus/crimson_fungus_bottom", "particle": "3d/crimson_fungus/crimson_fungus_side"}, "elements": [{"name": "Cube", "from": [7, 0, 7], "to": [9, 5, 9], "faces": {"north": {"uv": [7, 11, 9, 16], "texture": "side"}, "east": {"uv": [7, 11, 9, 16], "texture": "side"}, "south": {"uv": [7, 11, 9, 16], "texture": "side"}, "west": {"uv": [7, 11, 9, 16], "texture": "side"}, "down": {"uv": [7, 11, 9, 13], "texture": "side", "cullface": "down"}}}, {"name": "Cube", "from": [4, 5, 4], "to": [12, 6, 12], "rotation": {"angle": 0, "axis": "y", "origin": [8, 10, 8]}, "faces": {"north": {"uv": [4, 10, 12, 11], "texture": "side"}, "east": {"uv": [4, 10, 12, 11], "texture": "side"}, "south": {"uv": [4, 10, 12, 11], "texture": "side"}, "west": {"uv": [4, 10, 12, 11], "texture": "side"}, "down": {"uv": [1, 7, 9, 15], "texture": "bottom"}}}, {"name": "Cube", "from": [3, 6, 3], "to": [13, 8, 13], "rotation": {"angle": 0, "axis": "y", "origin": [8, 10, 8]}, "faces": {"north": {"uv": [3, 8, 13, 10], "texture": "side"}, "east": {"uv": [3, 8, 13, 10], "texture": "side"}, "south": {"uv": [3, 8, 13, 10], "texture": "side"}, "west": {"uv": [3, 8, 13, 10], "texture": "side"}, "up": {"uv": [0, 6, 10, 16], "texture": "top"}, "down": {"uv": [0, 6, 10, 16], "texture": "bottom"}}}, {"name": "Cube", "from": [5, 8, 5], "to": [11, 11, 11], "rotation": {"angle": 0, "axis": "y", "origin": [8, 10, 8]}, "faces": {"north": {"uv": [5, 5, 11, 8], "texture": "side"}, "east": {"uv": [5, 5, 11, 8], "texture": "side"}, "south": {"uv": [5, 5, 11, 8], "texture": "side"}, "west": {"uv": [5, 5, 11, 8], "texture": "side"}, "up": {"uv": [2, 8, 8, 14], "texture": "top"}}}, {"name": "Cube", "from": [6, 11, 6], "to": [10, 12, 10], "rotation": {"angle": 0, "axis": "y", "origin": [8, 10, 8]}, "faces": {"north": {"uv": [6, 4, 10, 5], "texture": "side"}, "east": {"uv": [6, 4, 10, 5], "texture": "side"}, "south": {"uv": [6, 4, 10, 5], "texture": "side"}, "west": {"uv": [6, 4, 10, 5], "texture": "side"}, "up": {"uv": [3, 9, 7, 13], "texture": "top"}}}]}