{"parent": "block/template_orientable_trapdoor_bottom", "textures": {"texture": "block/crimson_trapdoor"}, "elements": [{"from": [3, 13, 13], "to": [13, 16, 16], "faces": {"north": {"uv": [3, 13, 13, 16], "rotation": 180, "texture": "#texture"}, "south": {"uv": [3, 0, 13, 3], "texture": "#texture", "cullface": "south"}, "up": {"uv": [3, 16, 13, 13], "rotation": 180, "texture": "#texture", "cullface": "up"}, "down": {"uv": [3, 16, 13, 13], "texture": "#texture"}}}, {"from": [3, 9, 13], "to": [13, 12, 16], "faces": {"north": {"uv": [3, 9, 13, 12], "rotation": 180, "texture": "#texture"}, "south": {"uv": [3, 4, 13, 7], "texture": "#texture", "cullface": "south"}, "up": {"uv": [3, 13, 13, 16], "rotation": 180, "texture": "#texture"}, "down": {"uv": [3, 13, 13, 16], "texture": "#texture"}}}, {"from": [3, 4, 13], "to": [13, 7, 16], "faces": {"north": {"uv": [3, 4, 13, 7], "rotation": 180, "texture": "#texture"}, "south": {"uv": [3, 9, 13, 12], "texture": "#texture", "cullface": "south"}, "up": {"uv": [3, 13, 13, 16], "rotation": 180, "texture": "#texture"}, "down": {"uv": [3, 13, 13, 16], "texture": "#texture"}}}, {"from": [3, 0, 13], "to": [13, 3, 16], "faces": {"north": {"uv": [3, 0, 13, 3], "rotation": 180, "texture": "#texture"}, "south": {"uv": [3, 13, 13, 16], "texture": "#texture", "cullface": "south"}, "up": {"uv": [3, 16, 13, 13], "rotation": 180, "texture": "#texture"}, "down": {"uv": [3, 16, 13, 13], "texture": "#texture", "cullface": "down"}}}, {"from": [0, 0, 13], "to": [3, 16, 16], "faces": {"north": {"uv": [0, 0, 3, 16], "rotation": 180, "texture": "#texture"}, "east": {"uv": [0, 16, 16, 13], "rotation": 270, "texture": "#texture"}, "south": {"uv": [0, 0, 3, 16], "texture": "#texture", "cullface": "south"}, "west": {"uv": [0, 16, 16, 13], "rotation": 90, "texture": "#texture", "cullface": "west"}, "up": {"uv": [13, 16, 16, 13], "rotation": 180, "texture": "#texture", "cullface": "up"}, "down": {"uv": [0, 16, 3, 13], "texture": "#texture", "cullface": "down"}}}, {"from": [13, 0, 13], "to": [16, 16, 16], "faces": {"north": {"uv": [13, 0, 16, 16], "rotation": 180, "texture": "#texture"}, "east": {"uv": [0, 16, 16, 13], "rotation": 270, "texture": "#texture", "cullface": "east"}, "south": {"uv": [13, 0, 16, 16], "texture": "#texture", "cullface": "south"}, "west": {"uv": [0, 16, 16, 13], "rotation": 90, "texture": "#texture"}, "up": {"uv": [0, 16, 3, 13], "rotation": 180, "texture": "#texture", "cullface": "up"}, "down": {"uv": [13, 16, 16, 13], "texture": "#texture", "cullface": "down"}}}]}