{"parent": "block/cube_all", "ambientocclusion": false, "textures": {"particle": "block/deepslate_tiles", "all": "block/deepslate_tiles"}, "elements": [{"from": [5, 0, 4], "to": [11, 14, 12], "rotation": {"angle": 0, "axis": "y", "origin": [8, 8, 8]}, "faces": {"east": {"uv": [4, 2, 12, 16], "texture": "#all"}, "west": {"uv": [4, 2, 12, 16], "texture": "#all"}, "up": {"uv": [5, 4, 11, 12], "texture": "#all"}, "down": {"uv": [5, 4, 11, 12], "texture": "#all", "cullface": "down"}}}, {"from": [11, 0, 4], "to": [11.5, 2, 8], "rotation": {"angle": 0, "axis": "y", "origin": [8, 8, 8]}, "faces": {"north": {"uv": [11, 14, 12, 16], "texture": "#all"}, "east": {"uv": [8, 14, 12, 16], "texture": "#all"}, "south": {"uv": [8, 14, 9, 16], "texture": "#all"}, "up": {"uv": [8, 14, 12, 15], "rotation": 270, "texture": "#all"}, "down": {"uv": [8, 15, 12, 16], "rotation": 90, "texture": "#all"}}}, {"from": [11, 0, 9], "to": [11.5, 2, 12], "rotation": {"angle": 0, "axis": "y", "origin": [8, 8, 8]}, "faces": {"north": {"uv": [6, 14, 7, 16], "texture": "#all"}, "east": {"uv": [4, 14, 7, 16], "texture": "#all"}, "up": {"uv": [4, 14, 7, 15], "rotation": 270, "texture": "#all"}, "down": {"uv": [4, 15, 7, 16], "rotation": 90, "texture": "#all"}}}, {"from": [11, 3, 4], "to": [11.5, 6, 11], "rotation": {"angle": 0, "axis": "y", "origin": [8, 8, 8]}, "faces": {"east": {"uv": [5, 10, 12, 13], "texture": "#all"}, "south": {"uv": [5, 10, 6, 13], "texture": "#all"}, "up": {"uv": [5, 10, 12, 11], "rotation": 270, "texture": "#all"}, "down": {"uv": [5, 12, 12, 13], "rotation": 90, "texture": "#all"}}}, {"from": [11, 7, 8], "to": [11.5, 10, 12], "rotation": {"angle": 0, "axis": "y", "origin": [8, 8, 8]}, "faces": {"north": {"uv": [7, 6, 8, 9], "texture": "#all"}, "east": {"uv": [4, 6, 8, 9], "texture": "#all"}, "up": {"uv": [4, 6, 8, 7], "rotation": 270, "texture": "#all"}, "down": {"uv": [4, 8, 8, 9], "rotation": 90, "texture": "#all"}}}, {"from": [11, 7, 4], "to": [11.5, 10, 7], "rotation": {"angle": 0, "axis": "y", "origin": [8, 8, 8]}, "faces": {"east": {"uv": [9, 6, 12, 9], "texture": "#all"}, "south": {"uv": [9, 6, 10, 9], "texture": "#all"}, "up": {"uv": [9, 6, 12, 7], "rotation": 270, "texture": "#all"}, "down": {"uv": [9, 8, 12, 9], "rotation": 90, "texture": "#all"}}}, {"from": [11, 11, 4], "to": [11.5, 14, 12], "rotation": {"angle": 0, "axis": "y", "origin": [8, 8, 8]}, "faces": {"east": {"uv": [4, 2, 12, 5], "texture": "#all"}, "south": {"uv": [4, 2, 5, 5], "texture": "#all"}, "up": {"uv": [4, 2, 12, 3], "rotation": 270, "texture": "#all"}, "down": {"uv": [4, 4, 12, 5], "rotation": 90, "texture": "#all"}}}, {"from": [4.5, 0, 8], "to": [5, 2, 12], "rotation": {"angle": 0, "axis": "y", "origin": [8, 8, 8]}, "faces": {"north": {"uv": [8, 14, 9, 16], "texture": "#all"}, "south": {"uv": [11, 14, 12, 16], "texture": "#all"}, "west": {"uv": [8, 14, 12, 16], "texture": "#all"}, "up": {"uv": [8, 14, 12, 15], "rotation": 90, "texture": "#all"}, "down": {"uv": [8, 15, 12, 16], "rotation": 270, "texture": "#all"}}}, {"from": [4.5, 0, 4], "to": [5, 2, 7], "rotation": {"angle": 0, "axis": "y", "origin": [8, 8, 8]}, "faces": {"south": {"uv": [6, 14, 7, 16], "texture": "#all"}, "west": {"uv": [4, 14, 7, 16], "texture": "#all"}, "up": {"uv": [4, 14, 7, 15], "rotation": 90, "texture": "#all"}, "down": {"uv": [4, 15, 7, 16], "rotation": 270, "texture": "#all"}}}, {"from": [4.5, 3, 5], "to": [5, 6, 12], "rotation": {"angle": 0, "axis": "y", "origin": [8, 8, 8]}, "faces": {"north": {"uv": [5, 10, 6, 13], "texture": "#all"}, "west": {"uv": [5, 10, 12, 13], "texture": "#all"}, "up": {"uv": [5, 10, 12, 11], "rotation": 90, "texture": "#all"}, "down": {"uv": [5, 12, 12, 13], "rotation": 270, "texture": "#all"}}}, {"from": [4.5, 7, 4], "to": [5, 10, 8], "rotation": {"angle": 0, "axis": "y", "origin": [8, 8, 8]}, "faces": {"south": {"uv": [7, 6, 8, 9], "texture": "#all"}, "west": {"uv": [4, 6, 8, 9], "texture": "#all"}, "up": {"uv": [4, 6, 8, 7], "rotation": 90, "texture": "#all"}, "down": {"uv": [4, 8, 8, 9], "rotation": 270, "texture": "#all"}}}, {"from": [4.5, 7, 9], "to": [5, 10, 12], "rotation": {"angle": 0, "axis": "y", "origin": [8, 8, 8]}, "faces": {"north": {"uv": [9, 6, 10, 9], "texture": "#all"}, "west": {"uv": [9, 6, 12, 9], "texture": "#all"}, "up": {"uv": [9, 6, 12, 7], "rotation": 90, "texture": "#all"}, "down": {"uv": [9, 8, 12, 9], "rotation": 270, "texture": "#all"}}}, {"from": [4.5, 11, 4], "to": [5, 14, 12], "rotation": {"angle": 0, "axis": "y", "origin": [8, 8, 8]}, "faces": {"north": {"uv": [4, 2, 5, 5], "texture": "#all"}, "west": {"uv": [4, 2, 12, 5], "texture": "#all"}, "up": {"uv": [4, 2, 12, 3], "rotation": 90, "texture": "#all"}, "down": {"uv": [4, 4, 12, 5], "rotation": 270, "texture": "#all"}}}, {"from": [5, 14, 4], "to": [11, 14.5, 5], "rotation": {"angle": 0, "axis": "y", "origin": [8, 8, 8]}, "faces": {"east": {"uv": [10, 4, 11, 5], "rotation": 90, "texture": "#all"}, "south": {"uv": [5, 4, 11, 5], "texture": "#all"}, "west": {"uv": [5, 4, 6, 5], "rotation": 270, "texture": "#all"}, "up": {"uv": [5, 4, 11, 5], "texture": "#all"}}}, {"from": [5, 14, 6], "to": [8, 14.5, 9], "rotation": {"angle": 0, "axis": "y", "origin": [8, 8, 8]}, "faces": {"north": {"uv": [5, 6, 8, 7], "rotation": 180, "texture": "#all"}, "east": {"uv": [7, 6, 8, 9], "rotation": 90, "texture": "#all"}, "south": {"uv": [5, 8, 8, 9], "texture": "#all"}, "west": {"uv": [5, 6, 6, 9], "rotation": 270, "texture": "#all"}, "up": {"uv": [5, 6, 8, 9], "texture": "#all"}}}, {"from": [5, 14, 10], "to": [11, 14.5, 12], "rotation": {"angle": 0, "axis": "y", "origin": [8, 8, 8]}, "faces": {"north": {"uv": [5, 10, 11, 11], "rotation": 180, "texture": "#all"}, "east": {"uv": [10, 10, 11, 12], "rotation": 90, "texture": "#all"}, "west": {"uv": [5, 10, 6, 12], "rotation": 270, "texture": "#all"}, "up": {"uv": [5, 10, 11, 12], "texture": "#all"}}}, {"from": [9, 14, 6], "to": [11, 14.5, 9], "rotation": {"angle": 0, "axis": "y", "origin": [8, 8, 8]}, "faces": {"north": {"uv": [9, 6, 11, 7], "rotation": 180, "texture": "#all"}, "east": {"uv": [10, 6, 11, 9], "rotation": 90, "texture": "#all"}, "south": {"uv": [9, 8, 11, 9], "texture": "#all"}, "west": {"uv": [9, 6, 10, 9], "rotation": 270, "texture": "#all"}, "up": {"uv": [9, 6, 11, 9], "texture": "#all"}}}, {"from": [5, -0.5, 11], "to": [11, 0, 12], "rotation": {"angle": 0, "axis": "y", "origin": [8, 8, 8]}, "faces": {"north": {"uv": [5, 4, 11, 5], "rotation": 180, "texture": "#all", "cullface": "down"}, "east": {"uv": [10, 4, 11, 5], "rotation": 270, "texture": "#all", "cullface": "down"}, "west": {"uv": [5, 4, 6, 5], "rotation": 90, "texture": "#all", "cullface": "down"}, "down": {"uv": [5, 4, 11, 5], "texture": "#all", "cullface": "down"}}}, {"from": [5, -0.5, 7], "to": [8, 0, 10], "rotation": {"angle": 0, "axis": "y", "origin": [8, 8, 8]}, "faces": {"north": {"uv": [5, 8, 8, 9], "rotation": 180, "texture": "#all", "cullface": "down"}, "east": {"uv": [7, 6, 8, 9], "rotation": 270, "texture": "#all", "cullface": "down"}, "south": {"uv": [5, 6, 8, 7], "texture": "#all", "cullface": "down"}, "west": {"uv": [5, 6, 6, 9], "rotation": 90, "texture": "#all", "cullface": "down"}, "down": {"uv": [5, 6, 8, 9], "texture": "#all", "cullface": "down"}}}, {"from": [5, -0.5, 4], "to": [11, 0, 6], "rotation": {"angle": 0, "axis": "y", "origin": [8, 8, 8]}, "faces": {"east": {"uv": [10, 10, 11, 12], "rotation": 270, "texture": "#all", "cullface": "down"}, "south": {"uv": [5, 10, 11, 11], "texture": "#all", "cullface": "down"}, "west": {"uv": [5, 10, 6, 12], "rotation": 90, "texture": "#all", "cullface": "down"}, "down": {"uv": [5, 10, 11, 12], "texture": "#all", "cullface": "down"}}}, {"from": [9, -0.5, 7], "to": [11, 0, 10], "rotation": {"angle": 0, "axis": "y", "origin": [8, 8, 8]}, "faces": {"north": {"uv": [9, 8, 11, 9], "rotation": 180, "texture": "#all", "cullface": "down"}, "east": {"uv": [10, 6, 11, 9], "rotation": 270, "texture": "#all", "cullface": "down"}, "south": {"uv": [9, 6, 11, 7], "texture": "#all", "cullface": "down"}, "west": {"uv": [9, 6, 10, 9], "rotation": 90, "texture": "#all", "cullface": "down"}, "down": {"uv": [9, 6, 11, 9], "texture": "#all", "cullface": "down"}}}], "groups": [0, {"name": "east", "origin": [0, 0, 0], "color": 0, "children": [1, 2, 3, 4, 5, 6]}, {"name": "west", "origin": [0, 0, 0], "color": 0, "children": [7, 8, 9, 10, 11, 12]}, {"name": "up", "origin": [8, 8, 8], "color": 0, "children": [13, 14, 15, 16]}, {"name": "down", "origin": [8, 8, 8], "color": 0, "children": [17, 18, 19, 20]}]}