{"parent": "minecraft:block/plant", "textures": {"cross": "3d/flowers/oxeye_daisy"}, "elements": [{"from": [8, 0, -1.1], "to": [8, 7, 14.9], "rotation": {"angle": -45, "axis": "y", "origin": [8, 8, 8]}, "faces": {"east": {"uv": [0, 9, 16, 16], "texture": "#cross"}, "west": {"uv": [16, 9, 0, 16], "texture": "#cross"}}}, {"from": [0.5, 0, 7.3], "to": [16.5, 7, 7.3], "rotation": {"angle": -45, "axis": "y", "origin": [8, 8, 8]}, "faces": {"north": {"uv": [16, 9, 0, 16], "texture": "#cross"}, "south": {"uv": [0, 9, 16, 16], "texture": "#cross"}}}, {"from": [8, 0, 7], "to": [9, 7, 8], "faces": {"north": {"uv": [7, 9, 8, 16], "texture": "#cross"}, "east": {"uv": [7, 9, 8, 16], "texture": "#cross"}, "south": {"uv": [7, 9, 8, 16], "texture": "#cross"}, "west": {"uv": [7, 9, 8, 16], "texture": "#cross"}, "up": {"uv": [7, 9, 8, 10], "rotation": 90, "texture": "#cross"}, "down": {"uv": [7, 15, 8, 16], "rotation": 270, "texture": "#cross", "cullface": "down"}}}, {"from": [8.5, 4.85, 9], "to": [9.5, 9.85, 10], "rotation": {"angle": 22.5, "axis": "z", "origin": [8, 8, 8]}, "faces": {"north": {"uv": [5, 3, 6, 8], "texture": "#cross"}, "east": {"uv": [5, 3, 6, 8], "texture": "#cross"}, "south": {"uv": [5, 3, 6, 8], "texture": "#cross"}, "west": {"uv": [5, 3, 6, 8], "texture": "#cross"}, "up": {"uv": [5, 3, 6, 4], "rotation": 90, "texture": "#cross"}, "down": {"uv": [5, 7, 6, 8], "rotation": 270, "texture": "#cross"}}}, {"from": [8.5, 4.85, 5], "to": [9.5, 9.85, 6], "rotation": {"angle": 22.5, "axis": "z", "origin": [8, 8, 8]}, "faces": {"north": {"uv": [9, 3, 10, 8], "texture": "#cross"}, "east": {"uv": [9, 3, 10, 8], "texture": "#cross"}, "south": {"uv": [9, 3, 10, 8], "texture": "#cross"}, "west": {"uv": [9, 3, 10, 8], "texture": "#cross"}, "up": {"uv": [9, 3, 10, 4], "rotation": 90, "texture": "#cross"}, "down": {"uv": [9, 7, 10, 8], "rotation": 270, "texture": "#cross"}}}, {"from": [8.5, 8.85, 6], "to": [9.5, 10.85, 9], "rotation": {"angle": 22.5, "axis": "z", "origin": [8, 8, 8]}, "faces": {"north": {"uv": [8, 2, 9, 4], "texture": "#cross"}, "east": {"uv": [6, 2, 9, 4], "texture": "#cross"}, "south": {"uv": [6, 2, 7, 4], "texture": "#cross"}, "west": {"uv": [9, 2, 6, 4], "texture": "#cross"}, "up": {"uv": [9, 2, 6, 3], "rotation": 90, "texture": "#cross"}, "down": {"uv": [6, 3, 9, 4], "rotation": 90, "texture": "#cross"}}}, {"from": [8.5, 5.85, 6], "to": [9.25, 8.85, 9], "rotation": {"angle": 22.5, "axis": "z", "origin": [8, 8, 8]}, "faces": {"east": {"uv": [6, 4, 9, 7], "texture": "#cross"}, "west": {"uv": [16, 0, 13, 3], "texture": "#cross"}}}, {"from": [8.5, 3.85, 6], "to": [9.5, 5.85, 9], "rotation": {"angle": 22.5, "axis": "z", "origin": [8, 8, 8]}, "faces": {"north": {"uv": [8, 7, 9, 9], "texture": "#cross"}, "east": {"uv": [6, 7, 9, 9], "texture": "#cross"}, "south": {"uv": [6, 7, 7, 9], "texture": "#cross"}, "west": {"uv": [9, 7, 6, 9], "texture": "#cross"}, "up": {"uv": [9, 7, 6, 8], "rotation": 90, "texture": "#cross"}, "down": {"uv": [6, 8, 9, 9], "rotation": 90, "texture": "#cross"}}}, {"from": [8.5, 5.85, 10], "to": [9.5, 8.85, 11], "rotation": {"angle": 22.5, "axis": "z", "origin": [8, 8, 8]}, "faces": {"east": {"uv": [4, 4, 5, 7], "texture": "#cross"}, "south": {"uv": [4, 4, 5, 7], "texture": "#cross"}, "west": {"uv": [4, 4, 5, 7], "texture": "#cross"}, "up": {"uv": [4, 4, 5, 5], "rotation": 90, "texture": "#cross"}, "down": {"uv": [4, 6, 5, 7], "rotation": 270, "texture": "#cross"}}}, {"from": [8.5, 5.85, 4], "to": [9.5, 8.85, 5], "rotation": {"angle": 22.5, "axis": "z", "origin": [8, 8, 8]}, "faces": {"north": {"uv": [10, 4, 11, 7], "texture": "#cross"}, "east": {"uv": [10, 4, 11, 7], "texture": "#cross"}, "west": {"uv": [10, 4, 11, 7], "texture": "#cross"}, "up": {"uv": [10, 4, 11, 5], "rotation": 90, "texture": "#cross"}, "down": {"uv": [10, 6, 11, 7], "rotation": 270, "texture": "#cross"}}}], "groups": [{"name": "stem", "origin": [8, 8, 8], "color": 0, "children": [0, 1, 2]}, {"name": "flower", "origin": [8, 8, 8], "color": 0, "children": [3, 4, 5, 6, 7, 8, 9]}]}