{"parent": "minecraft:block/cross", "display": {"thirdperson_righthand": {"translation": [0, 4.5, 1], "scale": [0.55, 0.55, 0.55]}, "thirdperson_lefthand": {"translation": [0, 4.5, 1], "scale": [0.55, 0.55, 0.55]}, "firstperson_righthand": {"rotation": [0, -146.75, -7.25], "translation": [1.13, 3.2, 1.13], "scale": [0.68, 0.68, 0.68]}, "firstperson_lefthand": {"rotation": [-6.75, -318.5, 1], "translation": [1.13, 3.2, 1.13], "scale": [0.68, 0.68, 0.68]}, "ground": {"translation": [0.25, 2, 0.25], "scale": [0.5, 0.5, 0.5]}, "gui": {"rotation": [30, 225, 0]}, "fixed": {"rotation": [0, 90, 0], "translation": [0, 2.5, -0.75]}}}