{"parent": "block/cross", "ambientocclusion": false, "textures": {"flowerpot": "block/flower_pot", "dirt": "block/dirt", "particle": "3d/flowers/cornflower", "cross": "3d/flowers/cornflower"}, "elements": [{"from": [5, 0, 5], "to": [6, 6, 11], "faces": {"north": {"uv": [10, 10, 11, 16], "texture": "#flowerpot"}, "east": {"uv": [5, 10, 11, 16], "texture": "#flowerpot"}, "south": {"uv": [5, 10, 6, 16], "texture": "#flowerpot"}, "west": {"uv": [5, 10, 11, 16], "texture": "#flowerpot"}, "up": {"uv": [5, 5, 6, 11], "texture": "#flowerpot"}, "down": {"uv": [5, 5, 6, 11], "texture": "#flowerpot", "cullface": "down"}}}, {"from": [10, 0, 5], "to": [11, 6, 11], "faces": {"north": {"uv": [5, 10, 6, 16], "texture": "#flowerpot"}, "east": {"uv": [5, 10, 11, 16], "texture": "#flowerpot"}, "south": {"uv": [10, 10, 11, 16], "texture": "#flowerpot"}, "west": {"uv": [5, 10, 11, 16], "texture": "#flowerpot"}, "up": {"uv": [10, 5, 11, 11], "texture": "#flowerpot"}, "down": {"uv": [10, 5, 11, 11], "texture": "#flowerpot", "cullface": "down"}}}, {"from": [6, 0, 5], "to": [10, 6, 6], "faces": {"north": {"uv": [6, 10, 10, 16], "texture": "#flowerpot"}, "south": {"uv": [6, 10, 10, 16], "texture": "#flowerpot"}, "up": {"uv": [6, 5, 10, 6], "texture": "#flowerpot"}, "down": {"uv": [6, 10, 10, 11], "texture": "#flowerpot", "cullface": "down"}}}, {"from": [6, 0, 10], "to": [10, 6, 11], "faces": {"north": {"uv": [6, 10, 10, 16], "texture": "#flowerpot"}, "south": {"uv": [6, 10, 10, 16], "texture": "#flowerpot"}, "up": {"uv": [6, 10, 10, 11], "texture": "#flowerpot"}, "down": {"uv": [6, 5, 10, 6], "texture": "#flowerpot", "cullface": "down"}}}, {"from": [6, 0, 6], "to": [10, 4, 10], "faces": {"up": {"uv": [6, 6, 10, 10], "texture": "#dirt"}, "down": {"uv": [6, 12, 10, 16], "texture": "#flowerpot", "cullface": "down"}}}, {"from": [0.55, 4, 8], "to": [16.55, 10, 8], "shade": false, "rotation": {"angle": 45, "axis": "y", "origin": [8, 12, 8]}, "faces": {"north": {"uv": [0, 10, 16, 16], "texture": "#cross"}, "south": {"uv": [16, 10, 0, 16], "texture": "#cross"}}}, {"from": [8, 4, 0.55], "to": [8, 10, 16.55], "shade": false, "rotation": {"angle": 45, "axis": "y", "origin": [8, 12, 8]}, "faces": {"east": {"uv": [0, 10, 16, 16], "texture": "#cross"}, "west": {"uv": [16, 10, 0, 16], "texture": "#cross"}}}, {"name": "stem", "from": [7.5, 4, 7.5], "to": [8.5, 13, 8.5], "rotation": {"angle": 0, "axis": "y", "origin": [8, 12, 8]}, "faces": {"north": {"uv": [8, 7, 9, 16], "texture": "#cross"}, "east": {"uv": [8, 7, 9, 16], "texture": "#cross"}, "south": {"uv": [8, 7, 9, 16], "texture": "#cross"}, "west": {"uv": [8, 7, 9, 16], "texture": "#cross"}}}, {"from": [6, 14, 7], "to": [10, 15, 9], "rotation": {"angle": 0, "axis": "y", "origin": [8, 12, 8]}, "faces": {"north": {"uv": [1, 4, 5, 5], "texture": "#cross"}, "east": {"uv": [2, 4, 4, 5], "texture": "#cross"}, "south": {"uv": [1, 3, 5, 4], "texture": "#cross"}, "west": {"uv": [2, 4, 4, 5], "texture": "#cross"}, "up": {"uv": [1, 2, 5, 4], "texture": "#cross"}}}, {"from": [7, 14, 6], "to": [9, 15, 10], "rotation": {"angle": 0, "axis": "y", "origin": [8, 12, 8]}, "faces": {"north": {"uv": [2, 4, 4, 5], "texture": "#cross"}, "east": {"uv": [1, 4, 5, 5], "texture": "#cross"}, "south": {"uv": [2, 4, 4, 5], "texture": "#cross"}, "west": {"uv": [1, 4, 5, 5], "texture": "#cross"}, "up": {"uv": [2, 1, 4, 5], "texture": "#cross"}}}, {"from": [7, 13, 5], "to": [9, 14, 11], "rotation": {"angle": 0, "axis": "y", "origin": [8, 12, 8]}, "faces": {"north": {"uv": [2, 5, 4, 6], "texture": "#cross"}, "east": {"uv": [0, 5, 6, 6], "texture": "#cross"}, "south": {"uv": [2, 5, 4, 6], "texture": "#cross"}, "west": {"uv": [0, 5, 6, 6], "texture": "#cross"}, "up": {"uv": [2, 0, 4, 6], "texture": "#cross"}, "down": {"uv": [2, 0, 4, 6], "texture": "#cross"}}}, {"from": [5, 13, 7], "to": [11, 14, 9], "rotation": {"angle": 0, "axis": "y", "origin": [8, 12, 8]}, "faces": {"north": {"uv": [0, 5, 6, 6], "texture": "#cross"}, "east": {"uv": [2, 5, 4, 6], "texture": "#cross"}, "south": {"uv": [0, 5, 6, 6], "texture": "#cross"}, "west": {"uv": [2, 5, 4, 6], "texture": "#cross"}, "up": {"uv": [0, 2, 6, 4], "texture": "#cross"}, "down": {"uv": [0, 2, 6, 4], "texture": "#cross"}}}, {"from": [6, 13, 6], "to": [10, 14, 10], "rotation": {"angle": 0, "axis": "y", "origin": [8, 12, 8]}, "faces": {"north": {"uv": [1, 5, 5, 6], "texture": "#cross"}, "east": {"uv": [1, 5, 5, 6], "texture": "#cross"}, "south": {"uv": [1, 5, 5, 6], "texture": "#cross"}, "west": {"uv": [1, 5, 5, 6], "texture": "#cross"}, "up": {"uv": [1, 1, 5, 5], "texture": "#cross"}, "down": {"uv": [1, 1, 5, 5], "texture": "#cross"}}}], "display": {"thirdperson_righthand": {"translation": [0, 4.5, 1], "scale": [0.55, 0.55, 0.55]}, "thirdperson_lefthand": {"translation": [0, 4.5, 1], "scale": [0.55, 0.55, 0.55]}, "firstperson_righthand": {"rotation": [0, -146.75, -7.25], "translation": [1.13, 3.2, 1.13], "scale": [0.68, 0.68, 0.68]}, "firstperson_lefthand": {"rotation": [-6.75, -318.5, 1], "translation": [1.13, 3.2, 1.13], "scale": [0.68, 0.68, 0.68]}, "ground": {"translation": [0.25, 2, 0.25], "scale": [0.5, 0.5, 0.5]}, "gui": {"rotation": [30, 225, 0]}, "head": {"rotation": [0, 180, 0], "translation": [0, 13, 7]}, "fixed": {"rotation": [0, 90, 0], "translation": [0, 2.5, -0.75]}}, "groups": [0, 1, 2, 3, 4, {"name": "cornflower", "origin": [8, 8, 8], "color": 0, "children": [{"name": "cross", "origin": [8, 8, 8], "color": 0, "children": [5, 6]}, 7, {"name": "flower", "origin": [0, 0, 0], "color": 0, "children": [8, 9, 10, 11, 12]}]}]}