{"parent": "block/cube_all", "textures": {"all": "block/prismarine_bricks"}, "elements": [{"from": [0, 8, 0], "to": [16, 16, 16], "faces": {"north": {"uv": [0, 0, 16, 8], "texture": "#all", "cullface": "north"}, "east": {"uv": [0, 0, 16, 8], "texture": "#all", "cullface": "east"}, "south": {"uv": [0, 0, 16, 8], "texture": "#all", "cullface": "south"}, "west": {"uv": [0, 0, 16, 8], "texture": "#all", "cullface": "west"}, "up": {"uv": [0, 0, 16, 16], "texture": "#all", "cullface": "up"}, "down": {"uv": [0, 0, 16, 16], "texture": "#all"}}}, {"from": [1, 8, -0.5], "to": [4, 16, 0], "faces": {"north": {"uv": [12, 0, 15, 8], "texture": "#all", "cullface": "north"}, "west": {"uv": [14, 0, 15, 8], "texture": "#all", "cullface": "north"}, "up": {"uv": [12, 0, 15, 1], "rotation": 180, "texture": "#all", "cullface": "north"}, "down": {"uv": [12, 7, 15, 8], "rotation": 180, "texture": "#all", "cullface": "north"}}}, {"from": [13, 8, -0.5], "to": [16, 16, 0], "faces": {"north": {"uv": [0, 0, 3, 8], "texture": "#all", "cullface": "north"}, "east": {"uv": [0, 0, 1, 8], "texture": "#all", "cullface": "north"}, "up": {"uv": [0, 0, 3, 1], "rotation": 180, "texture": "#all", "cullface": "north"}, "down": {"uv": [0, 7, 3, 8], "rotation": 180, "texture": "#all", "cullface": "north"}}}, {"from": [7, 8, -0.5], "to": [10, 9, 0], "faces": {"north": {"uv": [6, 7, 9, 8], "texture": "#all", "cullface": "north"}, "east": {"uv": [6, 7, 7, 8], "texture": "#all", "cullface": "north"}, "west": {"uv": [8, 7, 9, 8], "texture": "#all", "cullface": "north"}, "up": {"uv": [6, 7, 9, 8], "rotation": 180, "texture": "#all", "cullface": "north"}, "down": {"uv": [6, 7, 8.98, 8], "texture": "#all", "cullface": "north"}}}, {"from": [8, 9, -0.5], "to": [9, 10, 0], "faces": {"north": {"uv": [7, 6, 8, 7], "texture": "#all", "cullface": "north"}, "east": {"uv": [7, 6, 8, 7], "texture": "#all", "cullface": "north"}, "west": {"uv": [7, 6, 8, 7], "texture": "#all", "cullface": "north"}, "up": {"uv": [7, 6, 8, 7], "rotation": 180, "texture": "#all", "cullface": "north"}}}, {"from": [11, 8, -0.5], "to": [13, 9, 0], "faces": {"north": {"uv": [3, 7, 5, 8], "texture": "#all", "cullface": "north"}, "west": {"uv": [4, 7, 5, 8], "texture": "#all", "cullface": "north"}, "down": {"uv": [3, 7, 5, 8], "rotation": 180, "texture": "#all", "cullface": "north"}}}, {"from": [10, 9, -0.5], "to": [13, 10, 0], "faces": {"north": {"uv": [3, 6, 6, 7], "texture": "#all", "cullface": "north"}, "west": {"uv": [5, 6, 6, 7], "texture": "#all", "cullface": "north"}, "down": {"uv": [3, 6, 6, 7], "rotation": 180, "texture": "#all", "cullface": "north"}}}, {"from": [9, 10, -0.5], "to": [13, 16, 0], "faces": {"north": {"uv": [3, 0, 7, 6], "texture": "#all", "cullface": "north"}, "west": {"uv": [6, 0, 7, 6], "texture": "#all", "cullface": "north"}, "up": {"uv": [3, 0, 7, 1], "rotation": 180, "texture": "#all", "cullface": "north"}, "down": {"uv": [3, 5, 7, 6], "rotation": 180, "texture": "#all", "cullface": "north"}}}, {"from": [4, 10, -0.5], "to": [8, 16, 0], "faces": {"north": {"uv": [8, 0, 12, 6], "texture": "#all", "cullface": "north"}, "east": {"uv": [8, 0, 9, 6], "texture": "#all", "cullface": "north"}, "up": {"uv": [8, 0, 12, 1], "rotation": 180, "texture": "#all", "cullface": "north"}, "down": {"uv": [8, 5, 12, 6], "rotation": 180, "texture": "#all", "cullface": "north"}}}, {"from": [4, 9, -0.5], "to": [7, 10, 0], "faces": {"north": {"uv": [9, 6, 12, 7], "texture": "#all", "cullface": "north"}, "east": {"uv": [9, 6, 10, 7], "texture": "#all", "cullface": "north"}, "down": {"uv": [9, 6, 12, 7], "rotation": 180, "texture": "#all", "cullface": "north"}}}, {"from": [4, 8, -0.5], "to": [6, 9, 0], "faces": {"north": {"uv": [10, 7, 12, 8], "texture": "#all", "cullface": "north"}, "east": {"uv": [10, 7, 11, 8], "texture": "#all", "cullface": "north"}, "down": {"uv": [10, 7, 12, 8], "rotation": 180, "texture": "#all", "cullface": "north"}}}, {"from": [8, 15, -0.5], "to": [9, 16, 0], "faces": {"north": {"uv": [7, 0, 8, 1], "texture": "#all", "cullface": "north"}, "up": {"uv": [7, 0, 8, 1], "rotation": 180, "texture": "#all", "cullface": "north"}, "down": {"uv": [7, 0, 8, 1], "rotation": 180, "texture": "#all", "cullface": "north"}}}, {"from": [16, 9, 8], "to": [16.5, 10, 9], "faces": {"north": {"uv": [7, 6, 8, 7], "texture": "#all", "cullface": "east"}, "east": {"uv": [7, 6, 8, 7], "texture": "#all", "cullface": "east"}, "south": {"uv": [7, 6, 8, 7], "texture": "#all", "cullface": "east"}, "up": {"uv": [7, 6, 8, 7], "rotation": 270, "texture": "#all", "cullface": "east"}}}, {"from": [16, 8, 11], "to": [16.5, 9, 13], "faces": {"north": {"uv": [4, 7, 5, 8], "texture": "#all", "cullface": "east"}, "east": {"uv": [3, 7, 5, 8], "texture": "#all", "cullface": "east"}, "down": {"uv": [3, 7, 5, 8], "rotation": 90, "texture": "#all", "cullface": "east"}}}, {"from": [16, 9, 10], "to": [16.5, 10, 13], "faces": {"north": {"uv": [5, 6, 6, 7], "texture": "#all", "cullface": "east"}, "east": {"uv": [3, 6, 6, 7], "texture": "#all", "cullface": "east"}, "down": {"uv": [3, 6, 6, 7], "rotation": 90, "texture": "#all", "cullface": "east"}}}, {"from": [16, 10, 9], "to": [16.5, 16, 13], "faces": {"north": {"uv": [6, 0, 7, 6], "texture": "#all", "cullface": "east"}, "east": {"uv": [3, 0, 7, 6], "texture": "#all", "cullface": "east"}, "up": {"uv": [3, 0, 7, 1], "rotation": 270, "texture": "#all", "cullface": "east"}, "down": {"uv": [3, 5, 7, 6], "rotation": 90, "texture": "#all", "cullface": "east"}}}, {"from": [16, 10, 4], "to": [16.5, 16, 8], "faces": {"east": {"uv": [8, 0, 12, 6], "texture": "#all", "cullface": "east"}, "south": {"uv": [8, 0, 9, 6], "texture": "#all", "cullface": "east"}, "up": {"uv": [8, 0, 12, 1], "rotation": 270, "texture": "#all", "cullface": "east"}, "down": {"uv": [8, 5, 12, 6], "rotation": 90, "texture": "#all", "cullface": "east"}}}, {"from": [16, 9, 4], "to": [16.5, 10, 7], "faces": {"east": {"uv": [9, 6, 12, 7], "texture": "#all", "cullface": "east"}, "south": {"uv": [9, 6, 10, 7], "texture": "#all", "cullface": "east"}, "down": {"uv": [9, 6, 12, 7], "rotation": 90, "texture": "#all", "cullface": "east"}}}, {"from": [16, 8, 4], "to": [16.5, 9, 6], "faces": {"east": {"uv": [10, 7, 12, 8], "texture": "#all", "cullface": "east"}, "south": {"uv": [10, 7, 11, 8], "texture": "#all", "cullface": "east"}, "down": {"uv": [10, 7, 12, 8], "rotation": 90, "texture": "#all", "cullface": "east"}}}, {"from": [16, 15, 8], "to": [16.5, 16, 9], "faces": {"east": {"uv": [7, 0, 8, 1], "texture": "#all", "cullface": "east"}, "up": {"uv": [7, 0, 8, 1], "rotation": 270, "texture": "#all", "cullface": "east"}, "down": {"uv": [7, 0, 8, 1], "rotation": 90, "texture": "#all", "cullface": "east"}}}, {"from": [16, 8, 13], "to": [16.5, 16, 16], "faces": {"east": {"uv": [0, 0, 3, 8], "texture": "#all", "cullface": "east"}, "south": {"uv": [0, 0, 1, 8], "texture": "#all", "cullface": "east"}, "up": {"uv": [0, 0, 3, 1], "rotation": 270, "texture": "#all", "cullface": "east"}, "down": {"uv": [0, 7, 3, 8], "rotation": 90, "texture": "#all", "cullface": "east"}}}, {"from": [16, 8, 7], "to": [16.5, 9, 10], "faces": {"north": {"uv": [8, 7, 9, 8], "texture": "#all", "cullface": "east"}, "east": {"uv": [6, 7, 9, 8], "texture": "#all", "cullface": "east"}, "south": {"uv": [6, 7, 7, 8], "texture": "#all", "cullface": "east"}, "up": {"uv": [6, 7, 9, 8], "rotation": 270, "texture": "#all", "cullface": "east"}, "down": {"uv": [6, 7, 8.98, 8], "rotation": 270, "texture": "#all", "cullface": "east"}}}, {"from": [16, 8, 1], "to": [16.5, 16, 4], "faces": {"north": {"uv": [14, 0, 15, 8], "texture": "#all", "cullface": "east"}, "east": {"uv": [12, 0, 15, 8], "texture": "#all", "cullface": "east"}, "up": {"uv": [12, 0, 15, 1], "rotation": 270, "texture": "#all", "cullface": "east"}, "down": {"uv": [12, 7, 15, 8], "rotation": 90, "texture": "#all", "cullface": "east"}}}, {"from": [7, 9, 16], "to": [8, 10, 16.5], "faces": {"east": {"uv": [7, 6, 8, 7], "texture": "#all", "cullface": "south"}, "south": {"uv": [7, 6, 8, 7], "texture": "#all", "cullface": "south"}, "west": {"uv": [7, 6, 8, 7], "texture": "#all", "cullface": "south"}, "up": {"uv": [7, 6, 8, 7], "texture": "#all", "cullface": "south"}}}, {"from": [3, 8, 16], "to": [5, 9, 16.5], "faces": {"east": {"uv": [4, 7, 5, 8], "texture": "#all", "cullface": "south"}, "south": {"uv": [3, 7, 5, 8], "texture": "#all", "cullface": "south"}, "down": {"uv": [3, 7, 5, 8], "texture": "#all", "cullface": "south"}}}, {"from": [3, 9, 16], "to": [6, 10, 16.5], "faces": {"east": {"uv": [5, 6, 6, 7], "texture": "#all", "cullface": "south"}, "south": {"uv": [3, 6, 6, 7], "texture": "#all", "cullface": "south"}, "down": {"uv": [3, 6, 6, 7], "texture": "#all", "cullface": "south"}}}, {"from": [3, 10, 16], "to": [7, 16, 16.5], "faces": {"east": {"uv": [6, 0, 7, 6], "texture": "#all", "cullface": "south"}, "south": {"uv": [3, 0, 7, 6], "texture": "#all", "cullface": "south"}, "up": {"uv": [3, 0, 7, 1], "texture": "#all", "cullface": "south"}, "down": {"uv": [3, 5, 7, 6], "texture": "#all", "cullface": "south"}}}, {"from": [8, 10, 16], "to": [12, 16, 16.5], "faces": {"south": {"uv": [8, 0, 12, 6], "texture": "#all", "cullface": "south"}, "west": {"uv": [8, 0, 9, 6], "texture": "#all", "cullface": "south"}, "up": {"uv": [8, 0, 12, 1], "texture": "#all", "cullface": "south"}, "down": {"uv": [8, 5, 12, 6], "texture": "#all", "cullface": "south"}}}, {"from": [9, 9, 16], "to": [12, 10, 16.5], "faces": {"south": {"uv": [9, 6, 12, 7], "texture": "#all", "cullface": "south"}, "west": {"uv": [9, 6, 10, 7], "texture": "#all", "cullface": "south"}, "down": {"uv": [9, 6, 12, 7], "texture": "#all", "cullface": "south"}}}, {"from": [10, 8, 16], "to": [12, 9, 16.5], "faces": {"south": {"uv": [10, 7, 12, 8], "texture": "#all", "cullface": "south"}, "west": {"uv": [10, 7, 11, 8], "texture": "#all", "cullface": "south"}, "down": {"uv": [10, 7, 12, 8], "texture": "#all", "cullface": "south"}}}, {"from": [7, 15, 16], "to": [8, 16, 16.5], "faces": {"south": {"uv": [7, 0, 8, 1], "texture": "#all", "cullface": "south"}, "up": {"uv": [7, 0, 8, 1], "texture": "#all", "cullface": "south"}, "down": {"uv": [7, 0, 8, 1], "texture": "#all", "cullface": "south"}}}, {"from": [0, 8, 16], "to": [3, 16, 16.5], "faces": {"south": {"uv": [0, 0, 3, 8], "texture": "#all", "cullface": "south"}, "west": {"uv": [0, 0, 1, 8], "texture": "#all", "cullface": "south"}, "up": {"uv": [0, 0, 3, 1], "texture": "#all", "cullface": "south"}, "down": {"uv": [0, 7, 3, 8], "texture": "#all", "cullface": "south"}}}, {"from": [6, 8, 16], "to": [9, 9, 16.5], "faces": {"east": {"uv": [8, 7, 9, 8], "texture": "#all", "cullface": "south"}, "south": {"uv": [6, 7, 9, 8], "texture": "#all", "cullface": "south"}, "west": {"uv": [6, 7, 7, 8], "texture": "#all", "cullface": "south"}, "up": {"uv": [6, 7, 9, 8], "texture": "#all", "cullface": "south"}, "down": {"uv": [6, 7, 8.98, 8], "rotation": 180, "texture": "#all", "cullface": "south"}}}, {"from": [12, 8, 16], "to": [15, 16, 16.5], "faces": {"east": {"uv": [14, 0, 15, 8], "texture": "#all", "cullface": "south"}, "south": {"uv": [12, 0, 15, 8], "texture": "#all", "cullface": "south"}, "up": {"uv": [12, 0, 15, 1], "texture": "#all", "cullface": "south"}, "down": {"uv": [12, 7, 15, 8], "texture": "#all", "cullface": "south"}}}, {"from": [-0.5, 9, 7], "to": [0, 10, 8], "faces": {"north": {"uv": [7, 6, 8, 7], "texture": "#all", "cullface": "west"}, "south": {"uv": [7, 6, 8, 7], "texture": "#all", "cullface": "west"}, "west": {"uv": [7, 6, 8, 7], "texture": "#all", "cullface": "west"}, "up": {"uv": [7, 6, 8, 7], "rotation": 90, "texture": "#all", "cullface": "west"}}}, {"from": [-0.5, 8, 3], "to": [0, 9, 5], "faces": {"south": {"uv": [4, 7, 5, 8], "texture": "#all", "cullface": "west"}, "west": {"uv": [3, 7, 5, 8], "texture": "#all", "cullface": "west"}, "down": {"uv": [3, 7, 5, 8], "rotation": 270, "texture": "#all", "cullface": "west"}}}, {"from": [-0.5, 9, 3], "to": [0, 10, 6], "faces": {"south": {"uv": [5, 6, 6, 7], "texture": "#all", "cullface": "west"}, "west": {"uv": [3, 6, 6, 7], "texture": "#all", "cullface": "west"}, "down": {"uv": [3, 6, 6, 7], "rotation": 270, "texture": "#all", "cullface": "west"}}}, {"from": [-0.5, 10, 3], "to": [0, 16, 7], "faces": {"south": {"uv": [6, 0, 7, 6], "texture": "#all", "cullface": "west"}, "west": {"uv": [3, 0, 7, 6], "texture": "#all", "cullface": "west"}, "up": {"uv": [3, 0, 7, 1], "rotation": 90, "texture": "#all", "cullface": "west"}, "down": {"uv": [3, 5, 7, 6], "rotation": 270, "texture": "#all", "cullface": "west"}}}, {"from": [-0.5, 10, 8], "to": [0, 16, 12], "faces": {"north": {"uv": [8, 0, 9, 6], "texture": "#all", "cullface": "west"}, "west": {"uv": [8, 0, 12, 6], "texture": "#all", "cullface": "west"}, "up": {"uv": [8, 0, 12, 1], "rotation": 90, "texture": "#all", "cullface": "west"}, "down": {"uv": [8, 5, 12, 6], "rotation": 270, "texture": "#all", "cullface": "west"}}}, {"from": [-0.5, 9, 9], "to": [0, 10, 12], "faces": {"north": {"uv": [9, 6, 10, 7], "texture": "#all", "cullface": "west"}, "west": {"uv": [9, 6, 12, 7], "texture": "#all", "cullface": "west"}, "down": {"uv": [9, 6, 12, 7], "rotation": 270, "texture": "#all", "cullface": "west"}}}, {"from": [-0.5, 8, 10], "to": [0, 9, 12], "faces": {"north": {"uv": [10, 7, 11, 8], "texture": "#all", "cullface": "west"}, "west": {"uv": [10, 7, 12, 8], "texture": "#all", "cullface": "west"}, "down": {"uv": [10, 7, 12, 8], "rotation": 270, "texture": "#all", "cullface": "west"}}}, {"from": [-0.5, 15, 7], "to": [0, 16, 8], "faces": {"west": {"uv": [7, 0, 8, 1], "texture": "#all", "cullface": "west"}, "up": {"uv": [7, 0, 8, 1], "rotation": 90, "texture": "#all", "cullface": "west"}, "down": {"uv": [7, 0, 8, 1], "rotation": 270, "texture": "#all", "cullface": "west"}}}, {"from": [-0.5, 8, 0], "to": [0, 16, 3], "faces": {"north": {"uv": [0, 0, 1, 8], "texture": "#all", "cullface": "west"}, "west": {"uv": [0, 0, 3, 8], "texture": "#all", "cullface": "west"}, "up": {"uv": [0, 0, 3, 1], "rotation": 90, "texture": "#all", "cullface": "west"}, "down": {"uv": [0, 7, 3, 8], "rotation": 270, "texture": "#all", "cullface": "west"}}}, {"from": [-0.5, 8, 6], "to": [0, 9, 9], "faces": {"north": {"uv": [6, 7, 7, 8], "texture": "#all", "cullface": "west"}, "south": {"uv": [8, 7, 9, 8], "texture": "#all", "cullface": "west"}, "west": {"uv": [6, 7, 9, 8], "texture": "#all", "cullface": "west"}, "up": {"uv": [6, 7, 9, 8], "rotation": 90, "texture": "#all", "cullface": "west"}, "down": {"uv": [6, 7, 8.98, 8], "rotation": 90, "texture": "#all", "cullface": "west"}}}, {"from": [-0.5, 8, 12], "to": [0, 16, 15], "faces": {"south": {"uv": [14, 0, 15, 8], "texture": "#all", "cullface": "west"}, "west": {"uv": [12, 0, 15, 8], "texture": "#all", "cullface": "west"}, "up": {"uv": [12, 0, 15, 1], "rotation": 90, "texture": "#all", "cullface": "west"}, "down": {"uv": [12, 7, 15, 8], "rotation": 270, "texture": "#all", "cullface": "west"}}}, {"from": [4, 16, 9], "to": [11, 16.5, 15], "faces": {"north": {"uv": [4, 9, 11, 10], "rotation": 180, "texture": "#all", "cullface": "up"}, "east": {"uv": [10, 9, 11, 15], "rotation": 90, "texture": "#all", "cullface": "up"}, "south": {"uv": [4, 14, 11, 15], "texture": "#all", "cullface": "up"}, "west": {"uv": [4, 9, 5, 15], "rotation": 270, "texture": "#all", "cullface": "up"}, "up": {"uv": [4, 9, 11, 15], "texture": "#all", "cullface": "up"}}}, {"from": [12, 16, 0], "to": [15, 16.5, 15], "faces": {"north": {"uv": [12, 0, 15, 1], "rotation": 180, "texture": "#all", "cullface": "up"}, "east": {"uv": [14, 0, 15, 15], "rotation": 90, "texture": "#all", "cullface": "up"}, "south": {"uv": [12, 14, 15, 15], "texture": "#all", "cullface": "up"}, "west": {"uv": [12, 0, 13, 15], "rotation": 270, "texture": "#all", "cullface": "up"}, "up": {"uv": [12, 0, 15, 15], "texture": "#all", "cullface": "up"}}}, {"from": [0, 16, 0], "to": [3, 16.5, 15], "faces": {"north": {"uv": [0, 0, 3, 1], "rotation": 180, "texture": "#all", "cullface": "up"}, "east": {"uv": [2, 0, 3, 15], "rotation": 90, "texture": "#all", "cullface": "up"}, "south": {"uv": [0, 14, 3, 15], "texture": "#all", "cullface": "up"}, "west": {"uv": [0, 0, 1, 15], "rotation": 270, "texture": "#all", "cullface": "up"}, "up": {"uv": [0, 0, 3, 15], "texture": "#all", "cullface": "up"}}}, {"from": [5, 16, 8], "to": [10, 16.5, 9], "faces": {"north": {"uv": [5, 8, 10, 9], "rotation": 180, "texture": "#all", "cullface": "up"}, "east": {"uv": [9, 8, 10, 9], "rotation": 90, "texture": "#all", "cullface": "up"}, "west": {"uv": [5, 8, 6, 9], "rotation": 270, "texture": "#all", "cullface": "up"}, "up": {"uv": [5, 8, 10, 9], "texture": "#all", "cullface": "up"}}}, {"from": [6, 16, 7], "to": [9, 16.5, 8], "faces": {"north": {"uv": [6, 7, 9, 8], "rotation": 180, "texture": "#all", "cullface": "up"}, "east": {"uv": [8, 7, 9, 8], "rotation": 90, "texture": "#all", "cullface": "up"}, "west": {"uv": [6, 7, 7, 8], "rotation": 270, "texture": "#all", "cullface": "up"}, "up": {"uv": [6, 7, 9, 8], "texture": "#all", "cullface": "up"}}}, {"from": [7, 16, 6], "to": [8, 16.5, 7], "faces": {"north": {"uv": [7, 6, 8, 7], "rotation": 180, "texture": "#all", "cullface": "up"}, "east": {"uv": [7, 6, 8, 7], "rotation": 90, "texture": "#all", "cullface": "up"}, "west": {"uv": [7, 6, 8, 7], "rotation": 270, "texture": "#all", "cullface": "up"}, "up": {"uv": [7, 6, 8, 7], "texture": "#all", "cullface": "up"}}}, {"from": [3, 16, 8], "to": [4, 16.5, 9], "faces": {"east": {"uv": [3, 8, 4, 9], "rotation": 90, "texture": "#all", "cullface": "up"}, "south": {"uv": [3, 8, 4, 9], "texture": "#all", "cullface": "up"}, "up": {"uv": [3, 8, 4, 9], "texture": "#all", "cullface": "up"}}}, {"from": [3, 16, 7], "to": [5, 16.5, 8], "faces": {"east": {"uv": [4, 7, 5, 8], "rotation": 90, "texture": "#all", "cullface": "up"}, "south": {"uv": [3, 7, 5, 8], "texture": "#all", "cullface": "up"}, "up": {"uv": [3, 7, 5, 8], "texture": "#all", "cullface": "up"}}}, {"from": [3, 16, 6], "to": [6, 16.5, 7], "faces": {"east": {"uv": [5, 6, 6, 7], "rotation": 90, "texture": "#all", "cullface": "up"}, "south": {"uv": [3, 6, 6, 7], "texture": "#all", "cullface": "up"}, "up": {"uv": [3, 6, 6, 7], "texture": "#all", "cullface": "up"}}}, {"from": [3, 16, 0], "to": [7, 16.5, 6], "faces": {"north": {"uv": [3, 0, 7, 1], "rotation": 180, "texture": "#all", "cullface": "up"}, "east": {"uv": [6, 0, 7, 6], "rotation": 90, "texture": "#all", "cullface": "up"}, "south": {"uv": [3, 5, 7, 6], "texture": "#all", "cullface": "up"}, "up": {"uv": [3, 0, 7, 6], "texture": "#all", "cullface": "up"}}}, {"from": [8, 16, 0], "to": [12, 16.5, 6], "faces": {"north": {"uv": [8, 0, 12, 1], "rotation": 180, "texture": "#all", "cullface": "up"}, "south": {"uv": [8, 5, 12, 6], "texture": "#all", "cullface": "up"}, "west": {"uv": [8, 0, 9, 6], "rotation": 270, "texture": "#all", "cullface": "up"}, "up": {"uv": [8, 0, 12, 6], "texture": "#all", "cullface": "up"}}}, {"from": [9, 16, 6], "to": [12, 16.5, 7], "faces": {"south": {"uv": [9, 6, 12, 7], "texture": "#all", "cullface": "up"}, "west": {"uv": [9, 6, 10, 7], "rotation": 270, "texture": "#all", "cullface": "up"}, "up": {"uv": [9, 6, 12, 7], "texture": "#all", "cullface": "up"}}}, {"from": [10, 16, 7], "to": [12, 16.5, 8], "faces": {"south": {"uv": [10, 7, 12, 8], "texture": "#all", "cullface": "up"}, "west": {"uv": [10, 7, 11, 8], "rotation": 270, "texture": "#all", "cullface": "up"}, "up": {"uv": [10, 7, 12, 8], "texture": "#all", "cullface": "up"}}}, {"from": [11, 16, 8], "to": [12, 16.5, 9], "faces": {"south": {"uv": [11, 8, 12, 9], "texture": "#all", "cullface": "up"}, "west": {"uv": [11, 8, 12, 9], "rotation": 270, "texture": "#all", "cullface": "up"}, "up": {"uv": [11, 8, 12, 9], "texture": "#all", "cullface": "up"}}}, {"from": [7, 16, 0], "to": [8, 16.5, 1], "faces": {"north": {"uv": [7, 0, 8, 1], "rotation": 180, "texture": "#all", "cullface": "up"}, "south": {"uv": [7, 0, 8, 1], "texture": "#all", "cullface": "up"}, "up": {"uv": [7, 0, 8, 1], "texture": "#all", "cullface": "up"}}}, {"from": [4, 7.5, 1], "to": [11, 8, 7], "rotation": {"angle": 0, "axis": "y", "origin": [8, 16, 8]}, "faces": {"north": {"uv": [4, 14, 11, 15], "rotation": 180, "texture": "#all"}, "east": {"uv": [10, 9, 11, 15], "rotation": 270, "texture": "#all"}, "south": {"uv": [4, 9, 11, 10], "texture": "#all"}, "west": {"uv": [4, 9, 5, 15], "rotation": 90, "texture": "#all"}, "down": {"uv": [4, 9, 11, 15], "texture": "#all"}}}, {"from": [12, 7.5, 1], "to": [15, 8, 16], "rotation": {"angle": 0, "axis": "y", "origin": [8, 16, 8]}, "faces": {"north": {"uv": [12, 14, 15, 15], "rotation": 180, "texture": "#all"}, "east": {"uv": [14, 0, 15, 15], "rotation": 270, "texture": "#all"}, "south": {"uv": [12, 0, 15, 1], "texture": "#all"}, "west": {"uv": [12, 0, 13, 15], "rotation": 90, "texture": "#all"}, "down": {"uv": [12, 0, 15, 15], "texture": "#all"}}}, {"from": [0, 7.5, 1], "to": [3, 8, 16], "rotation": {"angle": 0, "axis": "y", "origin": [8, 16, 8]}, "faces": {"north": {"uv": [0, 14, 3, 15], "rotation": 180, "texture": "#all"}, "east": {"uv": [2, 0, 3, 15], "rotation": 270, "texture": "#all"}, "south": {"uv": [0, 0, 3, 1], "texture": "#all"}, "west": {"uv": [0, 0, 1, 15], "rotation": 90, "texture": "#all"}, "down": {"uv": [0, 0, 3, 15], "texture": "#all"}}}, {"from": [5, 7.5, 7], "to": [10, 8, 8], "rotation": {"angle": 0, "axis": "y", "origin": [8, 16, 8]}, "faces": {"east": {"uv": [9, 8, 10, 9], "rotation": 270, "texture": "#all"}, "south": {"uv": [5, 8, 10, 9], "texture": "#all"}, "west": {"uv": [5, 8, 6, 9], "rotation": 90, "texture": "#all"}, "down": {"uv": [5, 8, 10, 9], "texture": "#all"}}}, {"from": [6, 7.5, 8], "to": [9, 8, 9], "rotation": {"angle": 0, "axis": "y", "origin": [8, 16, 8]}, "faces": {"east": {"uv": [8, 7, 9, 8], "rotation": 270, "texture": "#all"}, "south": {"uv": [6, 7, 9, 8], "texture": "#all"}, "west": {"uv": [6, 7, 7, 8], "rotation": 90, "texture": "#all"}, "down": {"uv": [6, 7, 9, 8], "texture": "#all"}}}, {"from": [7, 7.5, 9], "to": [8, 8, 10], "rotation": {"angle": 0, "axis": "y", "origin": [8, 16, 8]}, "faces": {"east": {"uv": [7, 6, 8, 7], "rotation": 270, "texture": "#all"}, "south": {"uv": [7, 6, 8, 7], "texture": "#all"}, "west": {"uv": [7, 6, 8, 7], "rotation": 90, "texture": "#all"}, "down": {"uv": [7, 6, 8, 7], "texture": "#all"}}}, {"from": [3, 7.5, 7], "to": [4, 8, 8], "rotation": {"angle": 0, "axis": "y", "origin": [8, 16, 8]}, "faces": {"north": {"uv": [3, 8, 4, 9], "rotation": 180, "texture": "#all"}, "east": {"uv": [3, 8, 4, 9], "rotation": 270, "texture": "#all"}, "down": {"uv": [3, 8, 4, 9], "texture": "#all"}}}, {"from": [3, 7.5, 8], "to": [5, 8, 9], "rotation": {"angle": 0, "axis": "y", "origin": [8, 16, 8]}, "faces": {"north": {"uv": [3, 7, 5, 8], "rotation": 180, "texture": "#all"}, "east": {"uv": [4, 7, 5, 8], "rotation": 270, "texture": "#all"}, "down": {"uv": [3, 7, 5, 8], "texture": "#all"}}}, {"from": [3, 7.5, 9], "to": [6, 8, 10], "rotation": {"angle": 0, "axis": "y", "origin": [8, 16, 8]}, "faces": {"north": {"uv": [3, 6, 6, 7], "rotation": 180, "texture": "#all"}, "east": {"uv": [5, 6, 6, 7], "rotation": 270, "texture": "#all"}, "down": {"uv": [3, 6, 6, 7], "texture": "#all"}}}, {"from": [3, 7.5, 10], "to": [7, 8, 16], "rotation": {"angle": 0, "axis": "y", "origin": [8, 16, 8]}, "faces": {"north": {"uv": [3, 5, 7, 6], "rotation": 180, "texture": "#all"}, "east": {"uv": [6, 0, 7, 6], "rotation": 270, "texture": "#all"}, "south": {"uv": [3, 0, 7, 1], "texture": "#all"}, "down": {"uv": [3, 0, 7, 6], "texture": "#all"}}}, {"from": [8, 7.5, 10], "to": [12, 8, 16], "rotation": {"angle": 0, "axis": "y", "origin": [8, 16, 8]}, "faces": {"north": {"uv": [8, 5, 12, 6], "rotation": 180, "texture": "#all"}, "south": {"uv": [8, 0, 12, 1], "texture": "#all"}, "west": {"uv": [8, 0, 9, 6], "rotation": 90, "texture": "#all"}, "down": {"uv": [8, 0, 12, 6], "texture": "#all"}}}, {"from": [9, 7.5, 9], "to": [12, 8, 10], "rotation": {"angle": 0, "axis": "y", "origin": [8, 16, 8]}, "faces": {"north": {"uv": [9, 6, 12, 7], "rotation": 180, "texture": "#all"}, "west": {"uv": [9, 6, 10, 7], "rotation": 90, "texture": "#all"}, "down": {"uv": [9, 6, 12, 7], "texture": "#all"}}}, {"from": [10, 7.5, 8], "to": [12, 8, 9], "rotation": {"angle": 0, "axis": "y", "origin": [8, 16, 8]}, "faces": {"north": {"uv": [10, 7, 12, 8], "rotation": 180, "texture": "#all"}, "west": {"uv": [10, 7, 11, 8], "rotation": 90, "texture": "#all"}, "down": {"uv": [10, 7, 12, 8], "texture": "#all"}}}, {"from": [11, 7.5, 7], "to": [12, 8, 8], "rotation": {"angle": 0, "axis": "y", "origin": [8, 16, 8]}, "faces": {"north": {"uv": [11, 8, 12, 9], "rotation": 180, "texture": "#all"}, "west": {"uv": [11, 8, 12, 9], "rotation": 90, "texture": "#all"}, "down": {"uv": [11, 8, 12, 9], "texture": "#all"}}}, {"from": [7, 7.5, 15], "to": [8, 8, 16], "rotation": {"angle": 0, "axis": "y", "origin": [8, 16, 8]}, "faces": {"north": {"uv": [7, 0, 8, 1], "rotation": 180, "texture": "#all"}, "south": {"uv": [7, 0, 8, 1], "texture": "#all"}, "down": {"uv": [7, 0, 8, 1], "texture": "#all"}}}], "groups": [0, {"name": "north", "origin": [8, 8, 8], "color": 0, "children": [1, 2, 3, 4, 5, 6, 7, 8, 9, 10, 11]}, {"name": "east", "origin": [8, 8, 8], "color": 0, "children": [12, 13, 14, 15, 16, 17, 18, 19, 20, 21, 22]}, {"name": "south", "origin": [8, 8, 8], "color": 0, "children": [23, 24, 25, 26, 27, 28, 29, 30, 31, 32, 33]}, {"name": "west", "origin": [8, 8, 8], "color": 0, "children": [34, 35, 36, 37, 38, 39, 40, 41, 42, 43, 44]}, {"name": "up", "origin": [8, 8, 8], "color": 0, "children": [45, 46, 47, 48, 49, 50, 51, 52, 53, 54, 55, 56, 57, 58, 59]}, {"name": "down", "origin": [8, 8, 8], "color": 0, "children": [60, 61, 62, 63, 64, 65, 66, 67, 68, 69, 70, 71, 72, 73, 74]}]}