{"parent": "block/template_orientable_trapdoor_open", "textures": {"texture": "block/spruce_trapdoor"}, "elements": [{"from": [0, 0, 13], "to": [16, 16, 16], "rotation": {"angle": 0, "axis": "y", "origin": [8, 8, 7]}, "faces": {"north": {"uv": [0, 0, 16, 16], "rotation": 180, "texture": "#texture"}, "east": {"uv": [0, 0, 16, 3], "rotation": 270, "texture": "#texture", "cullface": "east"}, "south": {"uv": [0, 16, 16, 0], "texture": "#texture", "cullface": "south"}, "west": {"uv": [0, 0, 16, 3], "rotation": 90, "texture": "#texture", "cullface": "west"}, "up": {"uv": [0, 0, 16, 3], "rotation": 180, "texture": "#texture", "cullface": "up"}, "down": {"uv": [0, 0, 16, 3], "texture": "#texture", "cullface": "down"}}}, {"from": [0.01, 12, 16], "to": [3.01, 13, 16.25], "rotation": {"angle": 0, "axis": "y", "origin": [8, 8, 7]}, "faces": {"east": {"uv": [2, 12, 3, 13], "rotation": 270, "texture": "#texture", "cullface": "south"}, "south": {"uv": [0, 12, 3, 13], "texture": "#texture", "cullface": "south"}, "west": {"uv": [0, 12, 1, 13], "rotation": 90, "texture": "#texture", "cullface": "south"}, "up": {"uv": [3, 12, 0, 13], "rotation": 180, "texture": "#texture", "cullface": "south"}, "down": {"uv": [0, 12, 3, 13], "texture": "#texture", "cullface": "south"}}}, {"from": [0.01, 3, 16], "to": [3.01, 4, 16.25], "rotation": {"angle": 0, "axis": "y", "origin": [8, 8, 7]}, "faces": {"east": {"uv": [2, 3, 3, 4], "rotation": 270, "texture": "#texture", "cullface": "south"}, "south": {"uv": [0, 3, 3, 4], "texture": "#texture", "cullface": "south"}, "west": {"uv": [0, 3, 1, 4], "rotation": 90, "texture": "#texture", "cullface": "south"}, "up": {"uv": [3, 3, 0, 4], "rotation": 180, "texture": "#texture", "cullface": "south"}, "down": {"uv": [0, 3, 3, 4], "texture": "#texture", "cullface": "south"}}}, {"from": [12.99, 3, 16], "to": [15.99, 4, 16.25], "rotation": {"angle": 0, "axis": "y", "origin": [8, 8, 7]}, "faces": {"east": {"uv": [15, 3, 16, 4], "rotation": 270, "texture": "#texture", "cullface": "south"}, "south": {"uv": [13, 3, 16, 4], "texture": "#texture", "cullface": "south"}, "west": {"uv": [13, 3, 14, 4], "rotation": 90, "texture": "#texture", "cullface": "south"}, "up": {"uv": [16, 3, 13, 4], "rotation": 180, "texture": "#texture", "cullface": "south"}, "down": {"uv": [13, 3, 16, 4], "texture": "#texture", "cullface": "south"}}}, {"from": [12.99, 12, 16], "to": [15.99, 13, 16.25], "rotation": {"angle": 0, "axis": "y", "origin": [8, 8, 7]}, "faces": {"east": {"uv": [15, 12, 16, 13], "rotation": 270, "texture": "#texture", "cullface": "south"}, "south": {"uv": [13, 12, 16, 13], "texture": "#texture", "cullface": "south"}, "west": {"uv": [13, 12, 14, 13], "rotation": 90, "texture": "#texture", "cullface": "south"}, "up": {"uv": [16, 12, 13, 13], "rotation": 180, "texture": "#texture", "cullface": "south"}, "down": {"uv": [13, 12, 16, 13], "texture": "#texture", "cullface": "south"}}}, {"from": [4, 12, 16], "to": [6, 13, 16.25], "rotation": {"angle": 0, "axis": "y", "origin": [8, 8, 7]}, "faces": {"east": {"uv": [5, 12, 6, 13], "rotation": 270, "texture": "#texture", "cullface": "south"}, "south": {"uv": [4, 12, 6, 13], "texture": "#texture", "cullface": "south"}, "west": {"uv": [4, 12, 5, 13], "rotation": 90, "texture": "#texture", "cullface": "south"}, "up": {"uv": [6, 12, 4, 13], "rotation": 180, "texture": "#texture", "cullface": "south"}, "down": {"uv": [4, 12, 6, 13], "texture": "#texture", "cullface": "south"}}}, {"from": [7, 12, 16], "to": [9, 13, 16.25], "rotation": {"angle": 0, "axis": "y", "origin": [8, 8, 7]}, "faces": {"east": {"uv": [5, 12, 6, 13], "rotation": 270, "texture": "#texture", "cullface": "south"}, "south": {"uv": [4, 12, 6, 13], "texture": "#texture", "cullface": "south"}, "west": {"uv": [4, 12, 5, 13], "rotation": 90, "texture": "#texture", "cullface": "south"}, "up": {"uv": [6, 12, 4, 13], "rotation": 180, "texture": "#texture", "cullface": "south"}, "down": {"uv": [4, 12, 6, 13], "texture": "#texture", "cullface": "south"}}}, {"from": [10, 12, 16], "to": [12, 13, 16.25], "rotation": {"angle": 0, "axis": "y", "origin": [8, 8, 7]}, "faces": {"east": {"uv": [5, 12, 6, 13], "rotation": 270, "texture": "#texture", "cullface": "south"}, "south": {"uv": [4, 12, 6, 13], "texture": "#texture", "cullface": "south"}, "west": {"uv": [4, 12, 5, 13], "rotation": 90, "texture": "#texture", "cullface": "south"}, "up": {"uv": [6, 12, 4, 13], "rotation": 180, "texture": "#texture", "cullface": "south"}, "down": {"uv": [4, 12, 6, 13], "texture": "#texture", "cullface": "south"}}}, {"from": [4, 3, 16], "to": [6, 4, 16.25], "rotation": {"angle": 0, "axis": "y", "origin": [8, 8, 7]}, "faces": {"east": {"uv": [5, 3, 6, 4], "rotation": 270, "texture": "#texture", "cullface": "south"}, "south": {"uv": [4, 3, 6, 4], "texture": "#texture", "cullface": "south"}, "west": {"uv": [4, 3, 5, 4], "rotation": 90, "texture": "#texture", "cullface": "south"}, "up": {"uv": [6, 3, 4, 4], "rotation": 180, "texture": "#texture", "cullface": "south"}, "down": {"uv": [4, 3, 6, 4], "texture": "#texture", "cullface": "south"}}}, {"from": [7, 3, 16], "to": [9, 4, 16.25], "rotation": {"angle": 0, "axis": "y", "origin": [8, 8, 7]}, "faces": {"east": {"uv": [5, 3, 6, 4], "rotation": 270, "texture": "#texture", "cullface": "south"}, "south": {"uv": [4, 3, 6, 4], "texture": "#texture", "cullface": "south"}, "west": {"uv": [4, 3, 5, 4], "rotation": 90, "texture": "#texture", "cullface": "south"}, "up": {"uv": [6, 3, 4, 4], "rotation": 180, "texture": "#texture", "cullface": "south"}, "down": {"uv": [4, 3, 6, 4], "texture": "#texture", "cullface": "south"}}}, {"from": [10, 3, 16], "to": [12, 4, 16.25], "rotation": {"angle": 0, "axis": "y", "origin": [8, 8, 7]}, "faces": {"east": {"uv": [5, 3, 6, 4], "rotation": 270, "texture": "#texture", "cullface": "south"}, "south": {"uv": [4, 3, 6, 4], "texture": "#texture", "cullface": "south"}, "west": {"uv": [4, 3, 5, 4], "rotation": 90, "texture": "#texture", "cullface": "south"}, "up": {"uv": [6, 3, 4, 4], "rotation": 180, "texture": "#texture", "cullface": "south"}, "down": {"uv": [4, 3, 6, 4], "texture": "#texture", "cullface": "south"}}}, {"from": [0.01, 12, 12.75], "to": [3.01, 13, 13], "rotation": {"angle": 0, "axis": "y", "origin": [8, 8, 7]}, "faces": {"north": {"uv": [0, 13, 3, 12], "rotation": 180, "texture": "#texture"}, "east": {"uv": [2, 13, 3, 12], "rotation": 270, "texture": "#texture"}, "west": {"uv": [0, 13, 1, 12], "rotation": 90, "texture": "#texture"}, "up": {"uv": [3, 13, 0, 12], "rotation": 180, "texture": "#texture"}, "down": {"uv": [0, 13, 3, 12], "texture": "#texture"}}}, {"from": [0.01, 3, 12.75], "to": [3.01, 4, 13], "rotation": {"angle": 0, "axis": "y", "origin": [8, 8, 7]}, "faces": {"north": {"uv": [0, 4, 3, 3], "rotation": 180, "texture": "#texture"}, "east": {"uv": [2, 4, 3, 3], "rotation": 270, "texture": "#texture"}, "west": {"uv": [0, 4, 1, 3], "rotation": 90, "texture": "#texture"}, "up": {"uv": [3, 4, 0, 3], "rotation": 180, "texture": "#texture"}, "down": {"uv": [0, 4, 3, 3], "texture": "#texture"}}}, {"from": [12.99, 3, 12.75], "to": [15.99, 4, 13], "rotation": {"angle": 0, "axis": "y", "origin": [8, 8, 7]}, "faces": {"north": {"uv": [13, 4, 16, 3], "rotation": 180, "texture": "#texture"}, "east": {"uv": [15, 4, 16, 3], "rotation": 270, "texture": "#texture"}, "west": {"uv": [13, 4, 14, 3], "rotation": 90, "texture": "#texture"}, "up": {"uv": [16, 4, 13, 3], "rotation": 180, "texture": "#texture"}, "down": {"uv": [13, 4, 16, 3], "texture": "#texture"}}}, {"from": [12.99, 12, 12.75], "to": [15.99, 13, 13], "rotation": {"angle": 0, "axis": "y", "origin": [8, 8, 7]}, "faces": {"north": {"uv": [13, 13, 16, 12], "rotation": 180, "texture": "#texture"}, "east": {"uv": [15, 13, 16, 12], "rotation": 270, "texture": "#texture"}, "west": {"uv": [13, 13, 14, 12], "rotation": 90, "texture": "#texture"}, "up": {"uv": [16, 13, 13, 12], "rotation": 180, "texture": "#texture"}, "down": {"uv": [13, 13, 16, 12], "texture": "#texture"}}}, {"from": [4, 12, 12.75], "to": [6, 13, 13], "rotation": {"angle": 0, "axis": "y", "origin": [8, 8, 7]}, "faces": {"north": {"uv": [4, 13, 6, 12], "rotation": 180, "texture": "#texture"}, "east": {"uv": [5, 13, 6, 12], "rotation": 270, "texture": "#texture"}, "west": {"uv": [4, 13, 5, 12], "rotation": 90, "texture": "#texture"}, "up": {"uv": [6, 13, 4, 12], "rotation": 180, "texture": "#texture"}, "down": {"uv": [4, 13, 6, 12], "texture": "#texture"}}}, {"from": [7, 12, 12.75], "to": [9, 13, 13], "rotation": {"angle": 0, "axis": "y", "origin": [8, 8, 7]}, "faces": {"north": {"uv": [4, 13, 6, 12], "rotation": 180, "texture": "#texture"}, "east": {"uv": [5, 13, 6, 12], "rotation": 270, "texture": "#texture"}, "west": {"uv": [4, 13, 5, 12], "rotation": 90, "texture": "#texture"}, "up": {"uv": [6, 13, 4, 12], "rotation": 180, "texture": "#texture"}, "down": {"uv": [4, 13, 6, 12], "texture": "#texture"}}}, {"from": [10, 12, 12.75], "to": [12, 13, 13], "rotation": {"angle": 0, "axis": "y", "origin": [8, 8, 7]}, "faces": {"north": {"uv": [4, 13, 6, 12], "rotation": 180, "texture": "#texture"}, "east": {"uv": [5, 13, 6, 12], "rotation": 270, "texture": "#texture"}, "west": {"uv": [4, 13, 5, 12], "rotation": 90, "texture": "#texture"}, "up": {"uv": [6, 13, 4, 12], "rotation": 180, "texture": "#texture"}, "down": {"uv": [4, 13, 6, 12], "texture": "#texture"}}}, {"from": [4, 3, 12.75], "to": [6, 4, 13], "rotation": {"angle": 0, "axis": "y", "origin": [8, 8, 7]}, "faces": {"north": {"uv": [4, 4, 6, 3], "rotation": 180, "texture": "#texture"}, "east": {"uv": [5, 4, 6, 3], "rotation": 270, "texture": "#texture"}, "west": {"uv": [4, 4, 5, 3], "rotation": 90, "texture": "#texture"}, "up": {"uv": [6, 4, 4, 3], "rotation": 180, "texture": "#texture"}, "down": {"uv": [4, 4, 6, 3], "texture": "#texture"}}}, {"from": [7, 3, 12.75], "to": [9, 4, 13], "rotation": {"angle": 0, "axis": "y", "origin": [8, 8, 7]}, "faces": {"north": {"uv": [4, 4, 6, 3], "rotation": 180, "texture": "#texture"}, "east": {"uv": [5, 4, 6, 3], "rotation": 270, "texture": "#texture"}, "west": {"uv": [4, 4, 5, 3], "rotation": 90, "texture": "#texture"}, "up": {"uv": [6, 4, 4, 3], "rotation": 180, "texture": "#texture"}, "down": {"uv": [4, 4, 6, 3], "texture": "#texture"}}}, {"from": [10, 3, 12.75], "to": [12, 4, 13], "rotation": {"angle": 0, "axis": "y", "origin": [8, 8, 7]}, "faces": {"north": {"uv": [4, 4, 6, 3], "rotation": 180, "texture": "#texture"}, "east": {"uv": [5, 4, 6, 3], "rotation": 270, "texture": "#texture"}, "west": {"uv": [4, 4, 5, 3], "rotation": 90, "texture": "#texture"}, "up": {"uv": [6, 4, 4, 3], "rotation": 180, "texture": "#texture"}, "down": {"uv": [4, 4, 6, 3], "texture": "#texture"}}}], "groups": [0, {"name": "south", "origin": [8, 8, 8], "children": [1, 2, 3, 4, 5, 6, 7, 8, 9, 10]}, {"name": "north", "origin": [8, 8, 8], "children": [11, 12, 13, 14, 15, 16, 17, 18, 19, 20]}]}