{"parent": "block/template_piston", "textures": {"2": "block/piston_top_sticky", "particle": "block/piston_top_sticky", "bottom": "block/piston_bottom", "side": "block/piston_side"}, "elements": [{"from": [-0.25, -0.25, -0.25], "to": [2, 0, 4], "faces": {"north": {"uv": [14, 15, 16, 16], "texture": "#2", "cullface": "down"}, "east": {"uv": [14, 0, 15, 4], "rotation": 90, "texture": "#side", "cullface": "down"}, "south": {"uv": [14, 3, 16, 4], "texture": "#side", "cullface": "down"}, "west": {"uv": [15, 0, 16, 4], "rotation": 270, "texture": "#side", "cullface": "down"}, "down": {"uv": [14, 0, 16, 4], "rotation": 180, "texture": "#side", "cullface": "down"}}}, {"from": [7, -0.25, -0.25], "to": [9, 0, 4], "faces": {"north": {"uv": [7, 15, 9, 16], "texture": "#2", "cullface": "down"}, "east": {"uv": [7, 0, 8, 4], "rotation": 90, "texture": "#side", "cullface": "down"}, "south": {"uv": [7, 3, 9, 4], "texture": "#side", "cullface": "down"}, "west": {"uv": [8, 0, 9, 4], "rotation": 270, "texture": "#side", "cullface": "down"}, "down": {"uv": [7, 0, 9, 4], "rotation": 180, "texture": "#side", "cullface": "down"}}}, {"from": [14, -0.25, -0.25], "to": [16.25, 0, 4], "faces": {"north": {"uv": [0, 15, 2, 16], "texture": "#2", "cullface": "down"}, "east": {"uv": [0, 0, 1, 4], "rotation": 90, "texture": "#side", "cullface": "down"}, "south": {"uv": [0, 3, 2, 4], "texture": "#side", "cullface": "down"}, "west": {"uv": [1, 0, 2, 4], "rotation": 270, "texture": "#side", "cullface": "down"}, "down": {"uv": [0, 0, 2, 4], "rotation": 180, "texture": "#side", "cullface": "down"}}}, {"from": [16, 0, -0.25], "to": [16.25, 2, 4], "faces": {"north": {"uv": [0, 14, 1, 16], "texture": "#2", "cullface": "east"}, "east": {"uv": [14, 0, 16, 4], "rotation": 90, "texture": "#side", "cullface": "east"}, "south": {"uv": [14, 3, 16, 4], "rotation": 270, "texture": "#side", "cullface": "east"}, "up": {"uv": [14, 0, 15, 4], "texture": "#side", "cullface": "east"}, "down": {"uv": [15, 0, 16, 4], "rotation": 180, "texture": "#side", "cullface": "east"}}}, {"from": [16, 7, -0.25], "to": [16.25, 9, 4], "faces": {"north": {"uv": [0, 7, 1, 9], "texture": "#2", "cullface": "east"}, "east": {"uv": [7, 0, 9, 4], "rotation": 90, "texture": "#side", "cullface": "east"}, "south": {"uv": [7, 3, 9, 4], "rotation": 270, "texture": "#side", "cullface": "east"}, "up": {"uv": [7, 0, 8, 4], "texture": "#side", "cullface": "east"}, "down": {"uv": [8, 0, 9, 4], "rotation": 180, "texture": "#side", "cullface": "east"}}}, {"from": [16, 14, -0.25], "to": [16.25, 16, 4], "faces": {"north": {"uv": [0, 0, 1, 2], "texture": "#2", "cullface": "east"}, "east": {"uv": [0, 0, 2, 4], "rotation": 90, "texture": "#side", "cullface": "east"}, "south": {"uv": [0, 3, 2, 4], "rotation": 270, "texture": "#side", "cullface": "east"}, "up": {"uv": [0, 0, 1, 4], "texture": "#side", "cullface": "east"}, "down": {"uv": [1, 0, 2, 4], "rotation": 180, "texture": "#side", "cullface": "east"}}}, {"from": [14, 16, -0.25], "to": [16.25, 16.25, 4], "faces": {"north": {"uv": [0, 0, 2, 1], "texture": "#2", "cullface": "up"}, "east": {"uv": [15, 0, 16, 4], "rotation": 90, "texture": "#side", "cullface": "up"}, "south": {"uv": [14, 3, 16, 4], "rotation": 180, "texture": "#side", "cullface": "up"}, "west": {"uv": [14, 0, 15, 4], "rotation": 270, "texture": "#side", "cullface": "up"}, "up": {"uv": [14, 0, 16, 4], "texture": "#side", "cullface": "up"}}}, {"from": [7, 16, -0.25], "to": [9, 16.25, 4], "faces": {"north": {"uv": [7, 0, 9, 1], "texture": "#2", "cullface": "up"}, "east": {"uv": [8, 0, 9, 4], "rotation": 90, "texture": "#side", "cullface": "up"}, "south": {"uv": [7, 3, 9, 4], "rotation": 180, "texture": "#side", "cullface": "up"}, "west": {"uv": [7, 0, 8, 4], "rotation": 270, "texture": "#side", "cullface": "up"}, "up": {"uv": [7, 0, 9, 4], "texture": "#side", "cullface": "up"}}}, {"from": [-0.25, 16, -0.25], "to": [2, 16.25, 4], "faces": {"north": {"uv": [14, 0, 16, 1], "texture": "#2", "cullface": "up"}, "east": {"uv": [1, 0, 2, 4], "rotation": 90, "texture": "#side", "cullface": "up"}, "south": {"uv": [0, 3, 2, 4], "rotation": 180, "texture": "#side", "cullface": "up"}, "west": {"uv": [0, 0, 1, 4], "rotation": 270, "texture": "#side", "cullface": "up"}, "up": {"uv": [0, 0, 2, 4], "texture": "#side", "cullface": "up"}}}, {"from": [-0.25, 14, -0.25], "to": [0, 16, 4], "faces": {"north": {"uv": [15, 0, 16, 2], "texture": "#2", "cullface": "west"}, "south": {"uv": [14, 3, 16, 4], "rotation": 90, "texture": "#side", "cullface": "west"}, "west": {"uv": [14, 0, 16, 4], "rotation": 270, "texture": "#side", "cullface": "west"}, "up": {"uv": [15, 0, 16, 4], "texture": "#side", "cullface": "west"}, "down": {"uv": [14, 0, 15, 4], "rotation": 180, "texture": "#side", "cullface": "west"}}}, {"from": [-0.25, 7, -0.25], "to": [0, 9, 4], "faces": {"north": {"uv": [15, 7, 16, 9], "texture": "#2", "cullface": "west"}, "south": {"uv": [7, 3, 9, 4], "rotation": 90, "texture": "#side", "cullface": "west"}, "west": {"uv": [7, 0, 9, 4], "rotation": 270, "texture": "#side", "cullface": "west"}, "up": {"uv": [8, 0, 9, 4], "texture": "#side", "cullface": "west"}, "down": {"uv": [7, 0, 8, 4], "rotation": 180, "texture": "#side", "cullface": "west"}}}, {"from": [-0.25, 0, -0.25], "to": [0, 2, 4], "faces": {"north": {"uv": [15, 14, 16, 16], "texture": "#2", "cullface": "west"}, "south": {"uv": [0, 3, 2, 4], "rotation": 90, "texture": "#side", "cullface": "west"}, "west": {"uv": [0, 0, 2, 4], "rotation": 270, "texture": "#side", "cullface": "west"}, "up": {"uv": [1, 0, 2, 4], "texture": "#side", "cullface": "west"}, "down": {"uv": [0, 0, 1, 4], "rotation": 180, "texture": "#side", "cullface": "west"}}}, {"from": [0, 0, -0.25], "to": [2, 2, 0], "faces": {"north": {"uv": [14, 14, 15.8, 16], "texture": "#2", "cullface": "north"}, "east": {"uv": [14, 14, 15, 16], "texture": "#2", "cullface": "north"}, "west": {"uv": [15, 14, 16, 16], "texture": "#2", "cullface": "north"}, "up": {"uv": [14, 14, 16, 15], "rotation": 180, "texture": "#2", "cullface": "north"}, "down": {"uv": [14, 15, 16, 16], "rotation": 180, "texture": "#2", "cullface": "north"}}}, {"from": [14, 0, -0.25], "to": [16, 2, 0], "faces": {"north": {"uv": [0.2, 14, 2, 16], "texture": "#2", "cullface": "north"}, "east": {"uv": [0, 14, 1, 16], "texture": "#2", "cullface": "north"}, "west": {"uv": [1, 14, 2, 16], "rotation": 90, "texture": "#2", "cullface": "north"}, "up": {"uv": [0, 14, 2, 15], "rotation": 180, "texture": "#2", "cullface": "north"}, "down": {"uv": [0, 15, 2, 16], "rotation": 180, "texture": "#2", "cullface": "north"}}}, {"from": [14, 14, -0.25], "to": [16, 16, 0], "faces": {"north": {"uv": [0.2, 0, 2, 2], "texture": "#2", "cullface": "north"}, "east": {"uv": [0, 0, 1, 2], "texture": "#2", "cullface": "north"}, "west": {"uv": [1, 0, 2, 2], "rotation": 90, "texture": "#2", "cullface": "north"}, "up": {"uv": [0, 0, 2, 1], "rotation": 180, "texture": "#2", "cullface": "north"}, "down": {"uv": [0, 1, 2, 2], "rotation": 180, "texture": "#2", "cullface": "north"}}}, {"from": [0, 14, -0.25], "to": [2, 16, 0], "faces": {"north": {"uv": [14, 0, 15.8, 2], "texture": "#2", "cullface": "north"}, "east": {"uv": [14, 0, 15, 2], "rotation": 90, "texture": "#2", "cullface": "north"}, "west": {"uv": [15, 0, 16, 2], "texture": "#2", "cullface": "north"}, "up": {"uv": [14, 0, 16, 1], "rotation": 180, "texture": "#2", "cullface": "north"}, "down": {"uv": [14, 1, 16, 2], "rotation": 180, "texture": "#2", "cullface": "north"}}}, {"from": [7, 0, -0.25], "to": [9, 2, 0], "faces": {"north": {"uv": [7, 14, 9, 16], "texture": "#2", "cullface": "north"}, "east": {"uv": [7, 14, 8, 16], "texture": "#2", "cullface": "north"}, "west": {"uv": [8, 14, 9, 16], "texture": "#2", "cullface": "north"}, "up": {"uv": [7, 14, 9, 15], "rotation": 180, "texture": "#2", "cullface": "north"}, "down": {"uv": [7, 15, 9, 16], "rotation": 180, "texture": "#2", "cullface": "north"}}}, {"from": [14, 7, -0.25], "to": [16, 9, 0], "faces": {"north": {"uv": [0.2, 7, 2, 9], "texture": "#2", "cullface": "north"}, "east": {"uv": [0, 7, 1, 9], "texture": "#2", "cullface": "north"}, "west": {"uv": [1, 7, 2, 9], "texture": "#2", "cullface": "north"}, "up": {"uv": [0, 7, 2, 8], "rotation": 180, "texture": "#2", "cullface": "north"}, "down": {"uv": [0, 8, 2, 9], "rotation": 180, "texture": "#2", "cullface": "north"}}}, {"from": [7, 14, -0.25], "to": [9, 16, 0], "faces": {"north": {"uv": [7, 0, 9, 2], "texture": "#2", "cullface": "north"}, "east": {"uv": [7, 0, 8, 2], "texture": "#2", "cullface": "north"}, "west": {"uv": [8, 0, 9, 2], "texture": "#2", "cullface": "north"}, "up": {"uv": [7, 0, 9, 1], "rotation": 180, "texture": "#2", "cullface": "north"}, "down": {"uv": [7, 1, 9, 2], "rotation": 180, "texture": "#2", "cullface": "north"}}}, {"from": [0, 7, -0.25], "to": [2, 9, 0], "faces": {"north": {"uv": [14, 7, 15.8, 9], "texture": "#2", "cullface": "north"}, "east": {"uv": [14, 7, 15, 9], "texture": "#2", "cullface": "north"}, "west": {"uv": [15, 7, 16, 9], "texture": "#2", "cullface": "north"}, "up": {"uv": [14, 7, 16, 8], "rotation": 180, "texture": "#2", "cullface": "north"}, "down": {"uv": [14, 8, 16, 9], "rotation": 180, "texture": "#2", "cullface": "north"}}}, {"from": [0, 0, 0], "to": [16, 16, 16], "faces": {"north": {"uv": [0, 0, 16, 16], "texture": "#2", "cullface": "north"}, "east": {"uv": [0, 0, 16, 16], "rotation": 90, "texture": "#side", "cullface": "east"}, "south": {"uv": [0, 0, 16, 16], "texture": "#bottom", "cullface": "south"}, "west": {"uv": [0, 0, 16, 16], "rotation": 270, "texture": "#side", "cullface": "west"}, "up": {"uv": [0, 0, 16, 16], "texture": "#side", "cullface": "up"}, "down": {"uv": [0, 0, 16, 16], "rotation": 180, "texture": "#side", "cullface": "down"}}}, {"from": [10, 1, -0.25], "to": [12, 2, 0], "faces": {"north": {"uv": [4, 14, 6, 15], "texture": "#2", "cullface": "north"}, "east": {"uv": [4, 14, 5, 15], "texture": "#2", "cullface": "north"}, "west": {"uv": [5, 14, 6, 15], "texture": "#2", "cullface": "north"}, "down": {"uv": [4, 14, 6, 15], "rotation": 180, "texture": "#2", "cullface": "north"}}}, {"from": [9, 2, -0.25], "to": [13, 3, 0], "faces": {"north": {"uv": [3, 13, 7, 14], "texture": "#2", "cullface": "north"}, "east": {"uv": [3, 13, 4, 14], "texture": "#2", "cullface": "north"}, "west": {"uv": [6, 13, 7, 14], "texture": "#2", "cullface": "north"}, "down": {"uv": [3, 13, 7, 14], "rotation": 180, "texture": "#2", "cullface": "north"}}}, {"from": [2, 3, -0.25], "to": [14, 4, 0], "faces": {"north": {"uv": [2, 12, 14, 13], "texture": "#2", "cullface": "north"}, "east": {"uv": [2, 12, 3, 13], "texture": "#2", "cullface": "north"}, "west": {"uv": [13, 12, 14, 13], "texture": "#2", "cullface": "north"}, "up": {"uv": [2, 12, 14, 13], "rotation": 180, "texture": "#2", "cullface": "north"}, "down": {"uv": [2, 12, 14, 13], "rotation": 180, "texture": "#2", "cullface": "north"}}}, {"from": [8, 4, -0.25], "to": [14, 5, 0], "faces": {"north": {"uv": [2, 11, 8, 12], "texture": "#2", "cullface": "north"}, "east": {"uv": [2, 11, 3, 12], "texture": "#2", "cullface": "north"}, "west": {"uv": [7, 11, 8, 12], "texture": "#2", "cullface": "north"}, "up": {"uv": [2, 11, 8, 12], "rotation": 180, "texture": "#2", "cullface": "north"}}}, {"from": [2, 5, -0.25], "to": [13, 6, 0], "faces": {"north": {"uv": [3, 10, 14, 11], "texture": "#2", "cullface": "north"}, "east": {"uv": [3, 10, 4, 11], "texture": "#2", "cullface": "north"}, "west": {"uv": [13, 10, 14, 11], "texture": "#2", "cullface": "north"}, "up": {"uv": [3, 10, 14, 11], "rotation": 180, "texture": "#2", "cullface": "north"}, "down": {"uv": [3, 10, 14, 11], "rotation": 180, "texture": "#2", "cullface": "north"}}}, {"from": [3, 6, -0.25], "to": [14, 8, 0], "faces": {"north": {"uv": [2, 8, 13, 10], "texture": "#2", "cullface": "north"}, "east": {"uv": [2, 8, 3, 10], "texture": "#2", "cullface": "north"}, "west": {"uv": [12, 8, 13, 10], "texture": "#2", "cullface": "north"}, "up": {"uv": [2, 8, 13, 9], "rotation": 180, "texture": "#2", "cullface": "north"}, "down": {"uv": [3, 6, 14, 7], "rotation": 180, "texture": "#2", "cullface": "north"}}}, {"from": [2, 8, -0.25], "to": [12, 9, 0], "faces": {"north": {"uv": [4, 7, 14, 8], "texture": "#2", "cullface": "north"}, "east": {"uv": [4, 7, 5, 8], "texture": "#2", "cullface": "north"}, "west": {"uv": [0, 0, 1, 1], "texture": "#2", "cullface": "north"}, "down": {"uv": [4, 7, 14, 8], "rotation": 180, "texture": "#2", "cullface": "north"}}}, {"from": [2, 9, -0.25], "to": [13, 10, 0], "faces": {"north": {"uv": [3, 6, 14, 7], "texture": "#2", "cullface": "north"}, "east": {"uv": [3, 6, 4, 7], "texture": "#2", "cullface": "north"}, "west": {"uv": [13, 6, 14, 7], "texture": "#2", "cullface": "north"}, "up": {"uv": [3, 6, 14, 7], "rotation": 180, "texture": "#2", "cullface": "north"}, "down": {"uv": [3, 6, 14, 7], "rotation": 180, "texture": "#2", "cullface": "north"}}}, {"from": [9, 10, -0.25], "to": [14, 11, 0], "faces": {"north": {"uv": [2, 5, 7, 6], "texture": "#2", "cullface": "north"}, "east": {"uv": [2, 5, 3, 6], "texture": "#2", "cullface": "north"}, "west": {"uv": [6, 5, 7, 6], "texture": "#2", "cullface": "north"}, "down": {"uv": [2, 5, 7, 6], "rotation": 180, "texture": "#2", "cullface": "north"}}}, {"from": [0.01, 11, -0.25], "to": [15.01, 12, 0], "faces": {"north": {"uv": [1, 4, 16, 5], "texture": "#2", "cullface": "north"}, "east": {"uv": [1, 4, 2, 5], "texture": "#2", "cullface": "north"}, "west": {"uv": [15, 4, 16, 5], "texture": "#2", "cullface": "north"}, "up": {"uv": [1, 4, 16, 5], "rotation": 180, "texture": "#2", "cullface": "north"}, "down": {"uv": [1, 4, 16, 5], "rotation": 180, "texture": "#2", "cullface": "north"}}}, {"from": [1, 12, -0.25], "to": [15, 13, 0], "faces": {"north": {"uv": [1, 3, 15, 4], "texture": "#2", "cullface": "north"}, "east": {"uv": [1, 3, 2, 4], "texture": "#2", "cullface": "north"}, "west": {"uv": [14, 3, 15, 4], "texture": "#2", "cullface": "north"}, "up": {"uv": [1, 3, 15, 4], "rotation": 180, "texture": "#2", "cullface": "north"}}}, {"from": [9, 13, -0.25], "to": [15, 14, 0], "faces": {"north": {"uv": [1, 2, 7, 3], "texture": "#2", "cullface": "north"}, "east": {"uv": [1, 2, 2, 3], "texture": "#2", "cullface": "north"}, "west": {"uv": [6, 2, 7, 3], "texture": "#2", "cullface": "north"}, "up": {"uv": [1, 2, 7, 3], "rotation": 180, "texture": "#2", "cullface": "north"}}}, {"from": [11, 14, -0.25], "to": [13, 15, 0], "faces": {"north": {"uv": [3, 1, 5, 2], "texture": "#2", "cullface": "north"}, "east": {"uv": [3, 1, 4, 2], "texture": "#2", "cullface": "north"}, "west": {"uv": [4, 1, 5, 2], "texture": "#2", "cullface": "north"}, "up": {"uv": [3, 1, 5, 2], "rotation": 180, "texture": "#2", "cullface": "north"}}}, {"from": [3, 14, -0.25], "to": [6, 15, 0], "faces": {"north": {"uv": [10, 1, 13, 2], "texture": "#2", "cullface": "north"}, "east": {"uv": [10, 1, 11, 2], "texture": "#2", "cullface": "north"}, "west": {"uv": [12, 1, 13, 2], "texture": "#2", "cullface": "north"}, "up": {"uv": [10, 1, 13, 2], "rotation": 180, "texture": "#2", "cullface": "north"}}}, {"from": [2, 13, -0.25], "to": [8, 14, 0], "faces": {"north": {"uv": [8, 2, 14, 3], "texture": "#2", "cullface": "north"}, "east": {"uv": [8, 2, 9, 3], "texture": "#2", "cullface": "north"}, "west": {"uv": [13, 2, 14, 3], "texture": "#2", "cullface": "north"}, "up": {"uv": [8, 2, 14, 3], "rotation": 180, "texture": "#2", "cullface": "north"}}}, {"from": [2, 10, -0.25], "to": [8, 11, 0], "faces": {"north": {"uv": [8, 5, 14, 6], "texture": "#2", "cullface": "north"}, "east": {"uv": [8, 5, 9, 6], "texture": "#2", "cullface": "north"}, "west": {"uv": [13, 5, 14, 6], "texture": "#2", "cullface": "north"}}}, {"from": [3, 4, -0.25], "to": [7, 5, 0], "faces": {"north": {"uv": [9, 11, 13, 12], "texture": "#2", "cullface": "north"}, "east": {"uv": [9, 11, 10, 12], "texture": "#2", "cullface": "north"}, "west": {"uv": [12, 11, 13, 12], "texture": "#2", "cullface": "north"}}}, {"from": [3, 2, -0.25], "to": [8, 3, 0], "faces": {"north": {"uv": [8, 13, 13, 14], "texture": "#2", "cullface": "north"}, "east": {"uv": [8, 13, 9, 14], "texture": "#2", "cullface": "north"}, "west": {"uv": [12, 13, 13, 14], "texture": "#2", "cullface": "north"}, "down": {"uv": [8, 13, 13, 14], "rotation": 180, "texture": "#2", "cullface": "north"}}}, {"from": [13, 8, -0.25], "to": [14, 9, 0], "faces": {"north": {"uv": [2, 7, 3, 8], "texture": "#2", "cullface": "north"}, "west": {"uv": [2, 7, 3, 8], "texture": "#2", "cullface": "north"}, "up": {"uv": [2, 7, 3, 8], "rotation": 180, "texture": "#2", "cullface": "north"}}}, {"from": [4, 1, -0.25], "to": [6, 2, 0], "faces": {"north": {"uv": [10, 14, 12, 15], "texture": "#2", "cullface": "north"}, "east": {"uv": [10, 14, 11, 15], "texture": "#2", "cullface": "north"}, "west": {"uv": [11, 14, 12, 15], "texture": "#2", "cullface": "north"}, "down": {"uv": [10, 14, 12, 15], "rotation": 180, "texture": "#2", "cullface": "north"}}}], "groups": [{"name": "down", "origin": [0, 0, 0], "children": [0, 1, 2]}, {"name": "east", "origin": [0, 0, 0], "children": [3, 4, 5]}, {"name": "up", "origin": [0, 0, 0], "children": [6, 7, 8]}, {"name": "west", "origin": [0, 0, 0], "children": [9, 10, 11]}, {"name": "north", "origin": [8, 8, 8], "children": [12, 13, 14, 15, 16, 17, 18, 19]}, 20, {"name": "slime", "origin": [8, 8, 8], "children": [21, 22, 23, 24, 25, 26, 27, 28, 29, 30, 31, 32, 33, 34, 35, 36, 37, 38, 39, 40]}]}