{"textures": {"particle": "#side"}, "elements": [{"from": [0, 14, 8], "to": [8, 16, 8.5], "rotation": {"angle": 0, "axis": "y", "origin": [8, 8, 8]}, "faces": {"east": {"uv": [7, 0, 8, 2], "texture": "#side"}, "south": {"uv": [0, 0, 8, 2], "texture": "#side"}, "west": {"uv": [0, 0, 1, 2], "texture": "#side"}, "up": {"uv": [0, 0, 8, 1], "texture": "#side"}, "down": {"uv": [0, 1, 8, 2], "texture": "#side"}}}, {"from": [0, 11, 8], "to": [1, 13, 8.5], "rotation": {"angle": 0, "axis": "y", "origin": [8, 8, 8]}, "faces": {"east": {"uv": [0, 3, 1, 5], "texture": "#side"}, "south": {"uv": [0, 3, 1, 5], "texture": "#side"}, "west": {"uv": [0, 3, 1, 5], "texture": "#side"}, "up": {"uv": [0, 3, 1, 4], "texture": "#side"}}}, {"from": [0, 10, 8], "to": [2, 11, 8.5], "rotation": {"angle": 0, "axis": "y", "origin": [8, 8, 8]}, "faces": {"east": {"uv": [1, 5, 2, 6], "texture": "#side"}, "south": {"uv": [0, 5, 2, 6], "texture": "#side"}, "west": {"uv": [0, 5, 1, 6], "texture": "#side"}, "up": {"uv": [0, 5, 2, 6], "texture": "#side"}}}, {"from": [0, 8, 8], "to": [4, 9, 8.5], "rotation": {"angle": 0, "axis": "y", "origin": [8, 8, 8]}, "faces": {"east": {"uv": [3, 7, 4, 8], "texture": "#side"}, "south": {"uv": [0, 7, 4, 8], "texture": "#side"}, "west": {"uv": [0, 7, 1, 8], "texture": "#side"}, "up": {"uv": [0, 7, 4, 8], "texture": "#side"}}}, {"from": [0, 9, 8], "to": [3, 10, 8.5], "rotation": {"angle": 0, "axis": "y", "origin": [8, 8, 8]}, "faces": {"east": {"uv": [2, 6, 3, 7], "texture": "#side"}, "south": {"uv": [0, 6, 3, 7], "texture": "#side"}, "west": {"uv": [0, 6, 1, 7], "texture": "#side"}, "up": {"uv": [0, 6, 3, 7], "texture": "#side"}}}, {"from": [5, 8, 8], "to": [8, 9, 8.5], "rotation": {"angle": 0, "axis": "y", "origin": [8, 8, 8]}, "faces": {"east": {"uv": [7, 7, 8, 8], "texture": "#side"}, "south": {"uv": [5, 7, 8, 8], "texture": "#side"}, "west": {"uv": [5, 7, 6, 8], "texture": "#side"}, "up": {"uv": [5, 7, 8, 8], "texture": "#side"}}}, {"from": [2, 11, 8], "to": [7, 13, 8.5], "rotation": {"angle": 0, "axis": "y", "origin": [8, 8, 8]}, "faces": {"east": {"uv": [6, 3, 7, 5], "texture": "#side"}, "south": {"uv": [2, 3, 7, 5], "texture": "#side"}, "west": {"uv": [2, 3, 3, 5], "texture": "#side"}, "up": {"uv": [2, 3, 7, 4], "texture": "#side"}, "down": {"uv": [2, 4, 7, 5], "texture": "#side"}}}, {"from": [4, 10, 8], "to": [7, 11, 8.5], "rotation": {"angle": 0, "axis": "y", "origin": [8, 8, 8]}, "faces": {"east": {"uv": [6, 5, 7, 6], "texture": "#side"}, "south": {"uv": [4, 5, 7, 6], "texture": "#side"}, "west": {"uv": [4, 5, 5, 6], "texture": "#side"}, "down": {"uv": [4, 5, 7, 6], "texture": "#side"}}}, {"from": [7, 12, 8], "to": [8, 13, 8.5], "rotation": {"angle": 0, "axis": "y", "origin": [8, 8, 8]}, "faces": {"east": {"uv": [7, 3, 8, 4], "texture": "#side"}, "south": {"uv": [7, 3, 8, 4], "texture": "#side"}, "up": {"uv": [7, 3, 8, 4], "texture": "#side"}, "down": {"uv": [7, 3, 8, 4], "texture": "#side"}}}, {"from": [13, 2, 16], "to": [14, 3, 16.5], "rotation": {"angle": 0, "axis": "y", "origin": [8, 8, 8]}, "faces": {"south": {"uv": [13, 13, 14, 14], "texture": "#side", "cullface": "south"}, "west": {"uv": [13, 13, 14, 14], "texture": "#side", "cullface": "south"}, "up": {"uv": [13, 13, 14, 14], "texture": "#side", "cullface": "south"}, "down": {"uv": [13, 13, 14, 14], "texture": "#side", "cullface": "south"}}}, {"from": [9, 0, 16], "to": [14, 1, 16.5], "rotation": {"angle": 0, "axis": "y", "origin": [8, 8, 8]}, "faces": {"east": {"uv": [13, 15, 14, 16], "texture": "#side", "cullface": "south"}, "south": {"uv": [9, 15, 14, 16], "texture": "#side", "cullface": "south"}, "west": {"uv": [9, 15, 10, 16], "texture": "#side", "cullface": "south"}, "up": {"uv": [9, 15, 14, 16], "texture": "#side", "cullface": "south"}, "down": {"uv": [9, 15, 14, 16], "texture": "#side", "cullface": "south"}}}, {"from": [5, 0, 16], "to": [7, 1, 16.5], "rotation": {"angle": 0, "axis": "y", "origin": [8, 8, 8]}, "faces": {"east": {"uv": [6, 15, 7, 16], "texture": "#side", "cullface": "south"}, "south": {"uv": [5, 15, 7, 16], "texture": "#side", "cullface": "south"}, "west": {"uv": [5, 15, 6, 16], "texture": "#side", "cullface": "south"}, "up": {"uv": [5, 15, 7, 16], "texture": "#side", "cullface": "south"}, "down": {"uv": [5, 15, 7, 16], "texture": "#side", "cullface": "south"}}}, {"from": [1, 0, 16], "to": [2, 1, 16.5], "rotation": {"angle": 0, "axis": "y", "origin": [8, 8, 8]}, "faces": {"east": {"uv": [1, 15, 2, 16], "texture": "#side", "cullface": "south"}, "south": {"uv": [1, 15, 2, 16], "texture": "#side", "cullface": "south"}, "up": {"uv": [1, 15, 2, 16], "texture": "#side", "cullface": "south"}, "down": {"uv": [1, 15, 2, 16], "texture": "#side", "cullface": "south"}}}, {"from": [0, 0, 16], "to": [1, 3, 16.5], "rotation": {"angle": 0, "axis": "y", "origin": [8, 8, 8]}, "faces": {"east": {"uv": [0, 13, 1, 16], "texture": "#side", "cullface": "south"}, "south": {"uv": [0, 13, 1, 16], "texture": "#side", "cullface": "south"}, "west": {"uv": [0, 13, 1, 16], "texture": "#side", "cullface": "south"}, "up": {"uv": [0, 13, 1, 14], "texture": "#side", "cullface": "south"}, "down": {"uv": [0, 15, 1, 16], "texture": "#side", "cullface": "south"}}}, {"from": [2, 1, 16], "to": [4, 2, 16.5], "rotation": {"angle": 0, "axis": "y", "origin": [8, 8, 8]}, "faces": {"east": {"uv": [3, 14, 4, 15], "texture": "#side", "cullface": "south"}, "south": {"uv": [2, 14, 4, 15], "texture": "#side", "cullface": "south"}, "west": {"uv": [2, 14, 3, 15], "texture": "#side", "cullface": "south"}, "down": {"uv": [2, 14, 4, 15], "texture": "#side", "cullface": "south"}}}, {"from": [2, 2, 16], "to": [5, 3, 16.5], "rotation": {"angle": 0, "axis": "y", "origin": [8, 8, 8]}, "faces": {"east": {"uv": [4, 13, 5, 14], "texture": "#side", "cullface": "south"}, "south": {"uv": [2, 13, 5, 14], "texture": "#side", "cullface": "south"}, "west": {"uv": [2, 13, 3, 14], "texture": "#side", "cullface": "south"}, "up": {"uv": [2, 13, 5, 14], "texture": "#side", "cullface": "south"}, "down": {"uv": [2, 13, 5, 14], "texture": "#side", "cullface": "south"}}}, {"from": [3, 3, 16], "to": [6, 4, 16.5], "rotation": {"angle": 0, "axis": "y", "origin": [8, 8, 8]}, "faces": {"east": {"uv": [5, 12, 6, 13], "texture": "#side", "cullface": "south"}, "south": {"uv": [3, 12, 6, 13], "texture": "#side", "cullface": "south"}, "west": {"uv": [3, 12, 4, 13], "texture": "#side", "cullface": "south"}, "up": {"uv": [3, 12, 6, 13], "texture": "#side", "cullface": "south"}, "down": {"uv": [3, 12, 6, 13], "texture": "#side", "cullface": "south"}}}, {"from": [0, 4, 16], "to": [3, 6, 16.5], "rotation": {"angle": 0, "axis": "y", "origin": [8, 8, 8]}, "faces": {"east": {"uv": [2, 10, 3, 12], "texture": "#side", "cullface": "south"}, "south": {"uv": [0, 10, 3, 12], "texture": "#side", "cullface": "south"}, "west": {"uv": [0, 10, 1, 12], "texture": "#side", "cullface": "south"}, "up": {"uv": [0, 10, 3, 11], "texture": "#side", "cullface": "south"}, "down": {"uv": [0, 11, 3, 12], "texture": "#side", "cullface": "south"}}}, {"from": [1, 3, 16], "to": [2, 4, 16.5], "rotation": {"angle": 0, "axis": "y", "origin": [8, 8, 8]}, "faces": {"east": {"uv": [1, 12, 2, 13], "texture": "#side", "cullface": "south"}, "south": {"uv": [1, 12, 2, 13], "texture": "#side", "cullface": "south"}, "west": {"uv": [1, 12, 2, 13], "texture": "#side", "cullface": "south"}, "down": {"uv": [1, 12, 2, 13], "texture": "#side", "cullface": "south"}}}, {"from": [1, 7, 16], "to": [2, 8, 16.5], "rotation": {"angle": 0, "axis": "y", "origin": [8, 8, 8]}, "faces": {"east": {"uv": [1, 8, 2, 9], "texture": "#side", "cullface": "south"}, "south": {"uv": [1, 8, 2, 9], "texture": "#side", "cullface": "south"}, "west": {"uv": [1, 8, 2, 9], "texture": "#side", "cullface": "south"}, "up": {"uv": [1, 8, 2, 9], "rotation": 180, "texture": "#side", "cullface": "south"}, "down": {"uv": [1, 8, 2, 9], "texture": "#side", "cullface": "south"}}}, {"from": [10, 6, 16], "to": [11, 8, 16.5], "rotation": {"angle": 0, "axis": "y", "origin": [8, 8, 8]}, "faces": {"south": {"uv": [10, 8, 11, 10], "texture": "#side", "cullface": "south"}, "west": {"uv": [10, 8, 11, 10], "texture": "#side", "cullface": "south"}, "up": {"uv": [10, 8, 11, 9], "texture": "#side", "cullface": "south"}, "down": {"uv": [10, 9, 11, 10], "texture": "#side", "cullface": "south"}}}, {"from": [15, 6, 16], "to": [16, 7, 16.5], "rotation": {"angle": 0, "axis": "y", "origin": [8, 8, 8]}, "faces": {"east": {"uv": [15, 9, 16, 10], "texture": "#side", "cullface": "south"}, "south": {"uv": [15, 9, 16, 10], "texture": "#side", "cullface": "south"}, "up": {"uv": [15, 9, 16, 10], "texture": "#side", "cullface": "south"}, "down": {"uv": [15, 9, 16, 10], "texture": "#side", "cullface": "south"}}}, {"from": [3, 6, 16], "to": [8, 7, 16.5], "rotation": {"angle": 0, "axis": "y", "origin": [8, 8, 8]}, "faces": {"east": {"uv": [7, 9, 8, 10], "texture": "#side", "cullface": "south"}, "south": {"uv": [3, 9, 8, 10], "texture": "#side", "cullface": "south"}, "west": {"uv": [3, 9, 4, 10], "texture": "#side", "cullface": "south"}, "up": {"uv": [3, 9, 8, 10], "texture": "#side", "cullface": "south"}, "down": {"uv": [3, 9, 8, 10], "texture": "#side", "cullface": "south"}}}, {"from": [4, 7, 16], "to": [9, 8, 16.5], "rotation": {"angle": 0, "axis": "y", "origin": [8, 8, 8]}, "faces": {"east": {"uv": [8, 8, 9, 9], "texture": "#side", "cullface": "south"}, "south": {"uv": [4, 8, 9, 9], "texture": "#side", "cullface": "south"}, "west": {"uv": [4, 8, 5, 9], "texture": "#side", "cullface": "south"}, "up": {"uv": [4, 8, 9, 9], "texture": "#side", "cullface": "south"}, "down": {"uv": [4, 8, 9, 9], "texture": "#side", "cullface": "south"}}}, {"from": [4, 5, 16], "to": [7, 6, 16.5], "rotation": {"angle": 0, "axis": "y", "origin": [8, 8, 8]}, "faces": {"east": {"uv": [6, 10, 7, 11], "texture": "#side", "cullface": "south"}, "south": {"uv": [4, 10, 7, 11], "texture": "#side", "cullface": "south"}, "west": {"uv": [4, 10, 5, 11], "texture": "#side", "cullface": "south"}, "down": {"uv": [4, 10, 7, 11], "texture": "#side", "cullface": "south"}}}, {"from": [8, 5, 16], "to": [10, 6, 16.5], "rotation": {"angle": 0, "axis": "y", "origin": [8, 8, 8]}, "faces": {"east": {"uv": [9, 10, 10, 11], "texture": "#side", "cullface": "south"}, "south": {"uv": [8, 10, 10, 11], "texture": "#side", "cullface": "south"}, "west": {"uv": [8, 10, 9, 11], "texture": "#side", "cullface": "south"}, "up": {"uv": [8, 10, 10, 11], "texture": "#side", "cullface": "south"}}}, {"from": [7, 4, 16], "to": [11, 5, 16.5], "rotation": {"angle": 0, "axis": "y", "origin": [8, 8, 8]}, "faces": {"east": {"uv": [10, 11, 11, 12], "texture": "#side", "cullface": "south"}, "south": {"uv": [7, 11, 11, 12], "texture": "#side", "cullface": "south"}, "west": {"uv": [7, 11, 8, 12], "texture": "#side", "cullface": "south"}, "up": {"uv": [7, 11, 11, 12], "texture": "#side", "cullface": "south"}}}, {"from": [6, 2, 16], "to": [12, 3, 16.5], "rotation": {"angle": 0, "axis": "y", "origin": [8, 8, 8]}, "faces": {"east": {"uv": [11, 13, 12, 14], "texture": "#side", "cullface": "south"}, "south": {"uv": [6, 13, 12, 14], "texture": "#side", "cullface": "south"}, "west": {"uv": [6, 13, 7, 14], "texture": "#side", "cullface": "south"}, "up": {"uv": [6, 13, 12, 14], "texture": "#side", "cullface": "south"}, "down": {"uv": [6, 13, 12, 14], "texture": "#side", "cullface": "south"}}}, {"from": [7, 1, 16], "to": [9, 2, 16.5], "rotation": {"angle": 0, "axis": "y", "origin": [8, 8, 8]}, "faces": {"east": {"uv": [8, 14, 9, 15], "texture": "#side", "cullface": "south"}, "south": {"uv": [7, 14, 9, 15], "texture": "#side", "cullface": "south"}, "west": {"uv": [7, 14, 8, 15], "texture": "#side", "cullface": "south"}, "down": {"uv": [7, 14, 9, 15], "texture": "#side", "cullface": "south"}}}, {"from": [7, 3, 16], "to": [13, 4, 16.5], "rotation": {"angle": 0, "axis": "y", "origin": [8, 8, 8]}, "faces": {"east": {"uv": [12, 12, 13, 13], "texture": "#side", "cullface": "south"}, "south": {"uv": [7, 12, 13, 13], "texture": "#side", "cullface": "south"}, "west": {"uv": [7, 12, 8, 13], "texture": "#side", "cullface": "south"}, "up": {"uv": [7, 12, 13, 13], "texture": "#side", "cullface": "south"}, "down": {"uv": [7, 12, 13, 13], "texture": "#side", "cullface": "south"}}}, {"from": [14, 1, 16], "to": [16, 4, 16.5], "rotation": {"angle": 0, "axis": "y", "origin": [8, 8, 8]}, "faces": {"east": {"uv": [15, 12, 16, 15], "texture": "#side", "cullface": "south"}, "south": {"uv": [14, 12, 16, 15], "texture": "#side", "cullface": "south"}, "west": {"uv": [14, 12, 15, 15], "texture": "#side", "cullface": "south"}, "up": {"uv": [14, 12, 16, 13], "texture": "#side", "cullface": "south"}, "down": {"uv": [14, 14, 16, 15], "texture": "#side", "cullface": "south"}}}, {"from": [13, 4, 16], "to": [14, 5, 16.5], "rotation": {"angle": 0, "axis": "y", "origin": [8, 8, 8]}, "faces": {"east": {"uv": [13, 11, 14, 12], "texture": "#side", "cullface": "south"}, "south": {"uv": [13, 11, 14, 12], "texture": "#side", "cullface": "south"}, "west": {"uv": [13, 11, 14, 12], "texture": "#side", "cullface": "south"}, "down": {"uv": [13, 11, 14, 12], "texture": "#side", "cullface": "south"}}}, {"from": [11, 5, 16], "to": [15, 8, 16.5], "rotation": {"angle": 0, "axis": "y", "origin": [8, 8, 8]}, "faces": {"east": {"uv": [14, 8, 15, 11], "texture": "#side", "cullface": "south"}, "south": {"uv": [11, 8, 15, 11], "texture": "#side", "cullface": "south"}, "west": {"uv": [11, 8, 12, 11], "texture": "#side", "cullface": "south"}, "up": {"uv": [11, 8, 15, 9], "texture": "#side", "cullface": "south"}, "down": {"uv": [11, 10, 15, 11], "texture": "#side", "cullface": "south"}}}, {"from": [-0.5, 2, 13], "to": [0, 3, 14], "rotation": {"angle": 0, "axis": "y", "origin": [8, 8, 8]}, "faces": {"north": {"uv": [13, 13, 14, 14], "texture": "#side", "cullface": "west"}, "west": {"uv": [13, 13, 14, 14], "texture": "#side", "cullface": "west"}, "up": {"uv": [13, 13, 14, 14], "rotation": 90, "texture": "#side", "cullface": "west"}, "down": {"uv": [13, 13, 14, 14], "rotation": 270, "texture": "#side", "cullface": "west"}}}, {"from": [-0.5, 0, 9], "to": [0, 1, 14], "rotation": {"angle": 0, "axis": "y", "origin": [8, 8, 8]}, "faces": {"north": {"uv": [9, 15, 10, 16], "texture": "#side", "cullface": "west"}, "south": {"uv": [13, 15, 14, 16], "texture": "#side", "cullface": "west"}, "west": {"uv": [9, 15, 14, 16], "texture": "#side", "cullface": "west"}, "up": {"uv": [9, 15, 14, 16], "rotation": 90, "texture": "#side", "cullface": "west"}, "down": {"uv": [9, 15, 14, 16], "rotation": 270, "texture": "#side", "cullface": "west"}}}, {"from": [-0.5, 0, 5], "to": [0, 1, 7], "rotation": {"angle": 0, "axis": "y", "origin": [8, 8, 8]}, "faces": {"north": {"uv": [5, 15, 6, 16], "texture": "#side", "cullface": "west"}, "south": {"uv": [6, 15, 7, 16], "texture": "#side", "cullface": "west"}, "west": {"uv": [5, 15, 7, 16], "texture": "#side", "cullface": "west"}, "up": {"uv": [5, 15, 7, 16], "rotation": 90, "texture": "#side", "cullface": "west"}, "down": {"uv": [5, 15, 7, 16], "rotation": 270, "texture": "#side", "cullface": "west"}}}, {"from": [-0.5, 0, 1], "to": [0, 1, 2], "rotation": {"angle": 0, "axis": "y", "origin": [8, 8, 8]}, "faces": {"south": {"uv": [1, 15, 2, 16], "texture": "#side", "cullface": "west"}, "west": {"uv": [1, 15, 2, 16], "texture": "#side", "cullface": "west"}, "up": {"uv": [1, 15, 2, 16], "rotation": 90, "texture": "#side", "cullface": "west"}, "down": {"uv": [1, 15, 2, 16], "rotation": 270, "texture": "#side", "cullface": "west"}}}, {"from": [-0.5, 0, 0], "to": [0, 3, 1], "rotation": {"angle": 0, "axis": "y", "origin": [8, 8, 8]}, "faces": {"north": {"uv": [0, 13, 1, 16], "texture": "#side", "cullface": "west"}, "south": {"uv": [0, 13, 1, 16], "texture": "#side", "cullface": "west"}, "west": {"uv": [0, 13, 1, 16], "texture": "#side", "cullface": "west"}, "up": {"uv": [0, 13, 1, 14], "rotation": 90, "texture": "#side", "cullface": "west"}, "down": {"uv": [0, 15, 1, 16], "rotation": 270, "texture": "#side", "cullface": "west"}}}, {"from": [-0.5, 1, 2], "to": [0, 2, 4], "rotation": {"angle": 0, "axis": "y", "origin": [8, 8, 8]}, "faces": {"north": {"uv": [2, 14, 3, 15], "texture": "#side", "cullface": "west"}, "south": {"uv": [3, 14, 4, 15], "texture": "#side", "cullface": "west"}, "west": {"uv": [2, 14, 4, 15], "texture": "#side", "cullface": "west"}, "down": {"uv": [2, 14, 4, 15], "rotation": 270, "texture": "#side", "cullface": "west"}}}, {"from": [-0.5, 2, 2], "to": [0, 3, 5], "rotation": {"angle": 0, "axis": "y", "origin": [8, 8, 8]}, "faces": {"north": {"uv": [2, 13, 3, 14], "texture": "#side", "cullface": "west"}, "south": {"uv": [4, 13, 5, 14], "texture": "#side", "cullface": "west"}, "west": {"uv": [2, 13, 5, 14], "texture": "#side", "cullface": "west"}, "up": {"uv": [2, 13, 5, 14], "rotation": 90, "texture": "#side", "cullface": "west"}, "down": {"uv": [2, 13, 5, 14], "rotation": 270, "texture": "#side", "cullface": "west"}}}, {"from": [-0.5, 3, 3], "to": [0, 4, 6], "rotation": {"angle": 0, "axis": "y", "origin": [8, 8, 8]}, "faces": {"north": {"uv": [3, 12, 4, 13], "texture": "#side", "cullface": "west"}, "south": {"uv": [5, 12, 6, 13], "texture": "#side", "cullface": "west"}, "west": {"uv": [3, 12, 6, 13], "texture": "#side", "cullface": "west"}, "up": {"uv": [3, 12, 6, 13], "rotation": 90, "texture": "#side", "cullface": "west"}, "down": {"uv": [3, 12, 6, 13], "rotation": 270, "texture": "#side", "cullface": "west"}}}, {"from": [-0.5, 4, 0], "to": [0, 6, 3], "rotation": {"angle": 0, "axis": "y", "origin": [8, 8, 8]}, "faces": {"north": {"uv": [0, 10, 1, 12], "texture": "#side", "cullface": "west"}, "south": {"uv": [2, 10, 3, 12], "texture": "#side", "cullface": "west"}, "west": {"uv": [0, 10, 3, 12], "texture": "#side", "cullface": "west"}, "up": {"uv": [0, 10, 3, 11], "rotation": 90, "texture": "#side", "cullface": "west"}, "down": {"uv": [0, 11, 3, 12], "rotation": 270, "texture": "#side", "cullface": "west"}}}, {"from": [-0.5, 3, 1], "to": [0, 4, 2], "rotation": {"angle": 0, "axis": "y", "origin": [8, 8, 8]}, "faces": {"north": {"uv": [1, 12, 2, 13], "texture": "#side", "cullface": "west"}, "south": {"uv": [1, 12, 2, 13], "texture": "#side", "cullface": "west"}, "west": {"uv": [1, 12, 2, 13], "texture": "#side", "cullface": "west"}, "down": {"uv": [1, 12, 2, 13], "rotation": 270, "texture": "#side", "cullface": "west"}}}, {"from": [-0.5, 7, 1], "to": [0, 8, 2], "rotation": {"angle": 0, "axis": "y", "origin": [8, 8, 8]}, "faces": {"north": {"uv": [1, 8, 2, 9], "texture": "#side", "cullface": "west"}, "south": {"uv": [1, 8, 2, 9], "texture": "#side", "cullface": "west"}, "west": {"uv": [1, 8, 2, 9], "texture": "#side", "cullface": "west"}, "down": {"uv": [1, 8, 2, 9], "rotation": 270, "texture": "#side", "cullface": "west"}}}, {"from": [-0.5, 8, 0], "to": [0, 9, 4], "rotation": {"angle": 0, "axis": "y", "origin": [8, 8, 8]}, "faces": {"north": {"uv": [0, 7, 1, 8], "texture": "#side", "cullface": "west"}, "south": {"uv": [3, 7, 4, 8], "texture": "#side", "cullface": "west"}, "west": {"uv": [0, 7, 4, 8], "texture": "#side", "cullface": "west"}, "up": {"uv": [0, 7, 4, 8], "rotation": 90, "texture": "#side", "cullface": "west"}, "down": {"uv": [0, 7, 4, 8], "rotation": 270, "texture": "#side", "cullface": "west"}}}, {"from": [-0.5, 9, 0], "to": [0, 10, 3], "rotation": {"angle": 0, "axis": "y", "origin": [8, 8, 8]}, "faces": {"north": {"uv": [0, 6, 1, 7], "texture": "#side", "cullface": "west"}, "south": {"uv": [2, 6, 3, 7], "texture": "#side", "cullface": "west"}, "west": {"uv": [0, 6, 3, 7], "texture": "#side", "cullface": "west"}, "up": {"uv": [0, 6, 3, 7], "rotation": 90, "texture": "#side", "cullface": "west"}}}, {"from": [-0.5, 10, 0], "to": [0, 11, 2], "rotation": {"angle": 0, "axis": "y", "origin": [8, 8, 8]}, "faces": {"north": {"uv": [0, 5, 1, 6], "texture": "#side", "cullface": "west"}, "south": {"uv": [1, 5, 2, 6], "texture": "#side", "cullface": "west"}, "west": {"uv": [0, 5, 2, 6], "texture": "#side", "cullface": "west"}, "up": {"uv": [0, 5, 2, 6], "rotation": 90, "texture": "#side", "cullface": "west"}}}, {"from": [-0.5, 11, 0], "to": [0, 13, 1], "rotation": {"angle": 0, "axis": "y", "origin": [8, 8, 8]}, "faces": {"north": {"uv": [0, 3, 1, 5], "texture": "#side", "cullface": "west"}, "south": {"uv": [0, 3, 1, 5], "texture": "#side", "cullface": "west"}, "west": {"uv": [0, 3, 1, 5], "texture": "#side", "cullface": "west"}, "up": {"uv": [0, 3, 1, 4], "rotation": 90, "texture": "#side", "cullface": "west"}}}, {"from": [-0.5, 14, 0], "to": [0, 16, 8], "rotation": {"angle": 0, "axis": "y", "origin": [8, 8, 8]}, "faces": {"north": {"uv": [0, 0, 1, 2], "texture": "#side", "cullface": "west"}, "south": {"uv": [7, 0, 8, 2], "texture": "#side", "cullface": "west"}, "west": {"uv": [0, 0, 8, 2], "texture": "#side", "cullface": "west"}, "up": {"uv": [0, 0, 8, 1], "rotation": 90, "texture": "#side", "cullface": "west"}, "down": {"uv": [0, 1, 8, 2], "rotation": 270, "texture": "#side", "cullface": "west"}}}, {"from": [-0.5, 11, 2], "to": [0, 13, 7], "rotation": {"angle": 0, "axis": "y", "origin": [8, 8, 8]}, "faces": {"north": {"uv": [2, 3, 3, 5], "texture": "#side", "cullface": "west"}, "south": {"uv": [6, 3, 7, 5], "texture": "#side", "cullface": "west"}, "west": {"uv": [2, 3, 7, 5], "texture": "#side", "cullface": "west"}, "up": {"uv": [2, 3, 7, 4], "rotation": 90, "texture": "#side", "cullface": "west"}, "down": {"uv": [2, 4, 7, 5], "rotation": 270, "texture": "#side", "cullface": "west"}}}, {"from": [-0.5, 10, 4], "to": [0, 11, 7], "rotation": {"angle": 0, "axis": "y", "origin": [8, 8, 8]}, "faces": {"north": {"uv": [4, 5, 5, 6], "texture": "#side", "cullface": "west"}, "south": {"uv": [6, 5, 7, 6], "texture": "#side", "cullface": "west"}, "west": {"uv": [4, 5, 7, 6], "texture": "#side", "cullface": "west"}, "down": {"uv": [4, 5, 7, 6], "rotation": 270, "texture": "#side", "cullface": "west"}}}, {"from": [-0.5, 12, 7], "to": [0, 13, 8], "rotation": {"angle": 0, "axis": "y", "origin": [8, 8, 8]}, "faces": {"south": {"uv": [7, 3, 8, 4], "texture": "#side", "cullface": "west"}, "west": {"uv": [7, 3, 8, 4], "texture": "#side", "cullface": "west"}, "up": {"uv": [7, 3, 8, 4], "rotation": 90, "texture": "#side", "cullface": "west"}, "down": {"uv": [7, 3, 8, 4], "rotation": 270, "texture": "#side", "cullface": "west"}}}, {"from": [-0.5, 6, 10], "to": [0, 8, 11], "rotation": {"angle": 0, "axis": "y", "origin": [8, 8, 8]}, "faces": {"north": {"uv": [10, 8, 11, 10], "texture": "#side", "cullface": "west"}, "west": {"uv": [10, 8, 11, 10], "texture": "#side", "cullface": "west"}, "up": {"uv": [10, 8, 11, 9], "rotation": 90, "texture": "#side", "cullface": "west"}, "down": {"uv": [10, 9, 11, 10], "rotation": 270, "texture": "#side", "cullface": "west"}}}, {"from": [-0.5, 6, 15], "to": [0, 7, 16], "rotation": {"angle": 0, "axis": "y", "origin": [8, 8, 8]}, "faces": {"south": {"uv": [15, 9, 16, 10], "texture": "#side", "cullface": "west"}, "west": {"uv": [15, 9, 16, 10], "texture": "#side", "cullface": "west"}, "up": {"uv": [15, 9, 16, 10], "rotation": 90, "texture": "#side", "cullface": "west"}, "down": {"uv": [15, 9, 16, 10], "rotation": 270, "texture": "#side", "cullface": "west"}}}, {"from": [-0.5, 6, 3], "to": [0, 7, 8], "rotation": {"angle": 0, "axis": "y", "origin": [8, 8, 8]}, "faces": {"north": {"uv": [3, 9, 4, 10], "texture": "#side", "cullface": "west"}, "south": {"uv": [7, 9, 8, 10], "texture": "#side", "cullface": "west"}, "west": {"uv": [3, 9, 8, 10], "texture": "#side", "cullface": "west"}, "up": {"uv": [3, 9, 8, 10], "rotation": 90, "texture": "#side", "cullface": "west"}, "down": {"uv": [3, 9, 8, 10], "rotation": 270, "texture": "#side", "cullface": "west"}}}, {"from": [-0.5, 7, 4], "to": [0, 8, 9], "rotation": {"angle": 0, "axis": "y", "origin": [8, 8, 8]}, "faces": {"north": {"uv": [4, 8, 5, 9], "texture": "#side", "cullface": "west"}, "south": {"uv": [8, 8, 9, 9], "texture": "#side", "cullface": "west"}, "west": {"uv": [4, 8, 9, 9], "texture": "#side", "cullface": "west"}, "up": {"uv": [4, 8, 9, 9], "rotation": 90, "texture": "#side", "cullface": "west"}, "down": {"uv": [4, 8, 9, 9], "rotation": 270, "texture": "#side", "cullface": "west"}}}, {"from": [-0.5, 8, 5], "to": [0, 9, 8], "rotation": {"angle": 0, "axis": "y", "origin": [8, 8, 8]}, "faces": {"north": {"uv": [5, 7, 6, 8], "texture": "#side", "cullface": "west"}, "south": {"uv": [7, 7, 8, 8], "texture": "#side", "cullface": "west"}, "west": {"uv": [5, 7, 8, 8], "texture": "#side", "cullface": "west"}, "up": {"uv": [5, 7, 8, 8], "rotation": 90, "texture": "#side", "cullface": "west"}}}, {"from": [-0.5, 5, 4], "to": [0, 6, 7], "rotation": {"angle": 0, "axis": "y", "origin": [8, 8, 8]}, "faces": {"north": {"uv": [4, 10, 5, 11], "texture": "#side", "cullface": "west"}, "south": {"uv": [6, 10, 7, 11], "texture": "#side", "cullface": "west"}, "west": {"uv": [4, 10, 7, 11], "texture": "#side", "cullface": "west"}, "down": {"uv": [4, 10, 7, 11], "rotation": 270, "texture": "#side", "cullface": "west"}}}, {"from": [-0.5, 5, 8], "to": [0, 6, 10], "rotation": {"angle": 0, "axis": "y", "origin": [8, 8, 8]}, "faces": {"north": {"uv": [8, 10, 9, 11], "texture": "#side", "cullface": "west"}, "south": {"uv": [9, 10, 10, 11], "texture": "#side", "cullface": "west"}, "west": {"uv": [8, 10, 10, 11], "texture": "#side", "cullface": "west"}, "up": {"uv": [8, 10, 10, 11], "rotation": 90, "texture": "#side", "cullface": "west"}}}, {"from": [-0.5, 4, 7], "to": [0, 5, 11], "rotation": {"angle": 0, "axis": "y", "origin": [8, 8, 8]}, "faces": {"north": {"uv": [7, 11, 8, 12], "texture": "#side", "cullface": "west"}, "south": {"uv": [10, 11, 11, 12], "texture": "#side", "cullface": "west"}, "west": {"uv": [7, 11, 11, 12], "texture": "#side", "cullface": "west"}, "up": {"uv": [7, 11, 11, 12], "rotation": 90, "texture": "#side", "cullface": "west"}}}, {"from": [-0.5, 2, 6], "to": [0, 3, 12], "rotation": {"angle": 0, "axis": "y", "origin": [8, 8, 8]}, "faces": {"north": {"uv": [6, 13, 7, 14], "texture": "#side", "cullface": "west"}, "south": {"uv": [11, 13, 12, 14], "texture": "#side", "cullface": "west"}, "west": {"uv": [6, 13, 12, 14], "texture": "#side", "cullface": "west"}, "up": {"uv": [6, 13, 12, 14], "rotation": 90, "texture": "#side", "cullface": "west"}, "down": {"uv": [6, 13, 12, 14], "rotation": 270, "texture": "#side", "cullface": "west"}}}, {"from": [-0.5, 1, 7], "to": [0, 2, 9], "rotation": {"angle": 0, "axis": "y", "origin": [8, 8, 8]}, "faces": {"north": {"uv": [7, 14, 8, 15], "texture": "#side", "cullface": "west"}, "south": {"uv": [8, 14, 9, 15], "texture": "#side", "cullface": "west"}, "west": {"uv": [7, 14, 9, 15], "texture": "#side", "cullface": "west"}, "down": {"uv": [7, 14, 9, 15], "rotation": 270, "texture": "#side", "cullface": "west"}}}, {"from": [-0.5, 3, 7], "to": [0, 4, 13], "rotation": {"angle": 0, "axis": "y", "origin": [8, 8, 8]}, "faces": {"north": {"uv": [7, 12, 8, 13], "texture": "#side", "cullface": "west"}, "south": {"uv": [12, 12, 13, 13], "texture": "#side", "cullface": "west"}, "west": {"uv": [7, 12, 13, 13], "texture": "#side", "cullface": "west"}, "up": {"uv": [7, 12, 13, 13], "rotation": 90, "texture": "#side", "cullface": "west"}, "down": {"uv": [7, 12, 13, 13], "rotation": 270, "texture": "#side", "cullface": "west"}}}, {"from": [-0.5, 1, 14], "to": [0, 4, 16], "rotation": {"angle": 0, "axis": "y", "origin": [8, 8, 8]}, "faces": {"north": {"uv": [14, 12, 15, 15], "texture": "#side", "cullface": "west"}, "south": {"uv": [15, 12, 16, 15], "texture": "#side", "cullface": "west"}, "west": {"uv": [14, 12, 16, 15], "texture": "#side", "cullface": "west"}, "up": {"uv": [14, 12, 16, 13], "rotation": 90, "texture": "#side", "cullface": "west"}, "down": {"uv": [14, 14, 16, 15], "rotation": 270, "texture": "#side", "cullface": "west"}}}, {"from": [-0.5, 4, 13], "to": [0, 5, 14], "rotation": {"angle": 0, "axis": "y", "origin": [8, 8, 8]}, "faces": {"north": {"uv": [13, 11, 14, 12], "texture": "#side", "cullface": "west"}, "south": {"uv": [13, 11, 14, 12], "texture": "#side", "cullface": "west"}, "west": {"uv": [13, 11, 14, 12], "texture": "#side", "cullface": "west"}, "down": {"uv": [13, 11, 14, 12], "rotation": 270, "texture": "#side", "cullface": "west"}}}, {"from": [-0.5, 5, 11], "to": [0, 8, 15], "rotation": {"angle": 0, "axis": "y", "origin": [8, 8, 8]}, "faces": {"north": {"uv": [11, 8, 12, 11], "texture": "#side", "cullface": "west"}, "south": {"uv": [14, 8, 15, 11], "texture": "#side", "cullface": "west"}, "west": {"uv": [11, 8, 15, 11], "texture": "#side", "cullface": "west"}, "up": {"uv": [11, 8, 15, 9], "rotation": 90, "texture": "#side", "cullface": "west"}, "down": {"uv": [11, 10, 15, 11], "rotation": 270, "texture": "#side", "cullface": "west"}}}, {"from": [2, 2, -0.5], "to": [3, 3, 0], "rotation": {"angle": 0, "axis": "y", "origin": [8, 8, 8]}, "faces": {"north": {"uv": [13, 13, 14, 14], "texture": "#side", "cullface": "north"}, "east": {"uv": [13, 13, 14, 14], "texture": "#side", "cullface": "north"}, "up": {"uv": [13, 13, 14, 14], "rotation": 180, "texture": "#side", "cullface": "north"}, "down": {"uv": [13, 13, 14, 14], "rotation": 180, "texture": "#side", "cullface": "north"}}}, {"from": [2, 0, -0.5], "to": [7, 1, 0], "rotation": {"angle": 0, "axis": "y", "origin": [8, 8, 8]}, "faces": {"north": {"uv": [9, 15, 14, 16], "texture": "#side", "cullface": "north"}, "east": {"uv": [9, 15, 10, 16], "texture": "#side", "cullface": "north"}, "west": {"uv": [13, 15, 14, 16], "texture": "#side", "cullface": "north"}, "up": {"uv": [9, 15, 14, 16], "rotation": 180, "texture": "#side", "cullface": "north"}, "down": {"uv": [9, 15, 14, 16], "rotation": 180, "texture": "#side", "cullface": "north"}}}, {"from": [9, 0, -0.5], "to": [11, 1, 0], "rotation": {"angle": 0, "axis": "y", "origin": [8, 8, 8]}, "faces": {"north": {"uv": [5, 15, 7, 16], "texture": "#side", "cullface": "north"}, "east": {"uv": [5, 15, 6, 16], "texture": "#side", "cullface": "north"}, "west": {"uv": [6, 15, 7, 16], "texture": "#side", "cullface": "north"}, "up": {"uv": [5, 15, 7, 16], "rotation": 180, "texture": "#side", "cullface": "north"}, "down": {"uv": [5, 15, 7, 16], "rotation": 180, "texture": "#side", "cullface": "north"}}}, {"from": [14, 0, -0.5], "to": [15, 1, 0], "rotation": {"angle": 0, "axis": "y", "origin": [8, 8, 8]}, "faces": {"north": {"uv": [1, 15, 2, 16], "texture": "#side", "cullface": "north"}, "west": {"uv": [1, 15, 2, 16], "texture": "#side", "cullface": "north"}, "up": {"uv": [1, 15, 2, 16], "rotation": 180, "texture": "#side", "cullface": "north"}, "down": {"uv": [1, 15, 2, 16], "rotation": 180, "texture": "#side", "cullface": "north"}}}, {"from": [15, 0, -0.5], "to": [16, 3, 0], "rotation": {"angle": 0, "axis": "y", "origin": [8, 8, 8]}, "faces": {"north": {"uv": [0, 13, 1, 16], "texture": "#side", "cullface": "north"}, "east": {"uv": [0, 13, 1, 16], "texture": "#side", "cullface": "north"}, "west": {"uv": [0, 13, 1, 16], "texture": "#side", "cullface": "north"}, "up": {"uv": [0, 13, 1, 14], "rotation": 180, "texture": "#side", "cullface": "north"}, "down": {"uv": [0, 15, 1, 16], "rotation": 180, "texture": "#side", "cullface": "north"}}}, {"from": [12, 1, -0.5], "to": [14, 2, 0], "rotation": {"angle": 0, "axis": "y", "origin": [8, 8, 8]}, "faces": {"north": {"uv": [2, 14, 4, 15], "texture": "#side", "cullface": "north"}, "east": {"uv": [2, 14, 3, 15], "texture": "#side", "cullface": "north"}, "west": {"uv": [3, 14, 4, 15], "texture": "#side", "cullface": "north"}, "down": {"uv": [2, 14, 4, 15], "rotation": 180, "texture": "#side", "cullface": "north"}}}, {"from": [11, 2, -0.5], "to": [14, 3, 0], "rotation": {"angle": 0, "axis": "y", "origin": [8, 8, 8]}, "faces": {"north": {"uv": [2, 13, 5, 14], "texture": "#side", "cullface": "north"}, "east": {"uv": [2, 13, 3, 14], "texture": "#side", "cullface": "north"}, "west": {"uv": [4, 13, 5, 14], "texture": "#side", "cullface": "north"}, "up": {"uv": [2, 13, 5, 14], "rotation": 180, "texture": "#side", "cullface": "north"}, "down": {"uv": [2, 13, 5, 14], "rotation": 180, "texture": "#side", "cullface": "north"}}}, {"from": [10, 3, -0.5], "to": [13, 4, 0], "rotation": {"angle": 0, "axis": "y", "origin": [8, 8, 8]}, "faces": {"north": {"uv": [3, 12, 6, 13], "texture": "#side", "cullface": "north"}, "east": {"uv": [3, 12, 4, 13], "texture": "#side", "cullface": "north"}, "west": {"uv": [5, 12, 6, 13], "texture": "#side", "cullface": "north"}, "up": {"uv": [3, 12, 6, 13], "rotation": 180, "texture": "#side", "cullface": "north"}, "down": {"uv": [3, 12, 6, 13], "rotation": 180, "texture": "#side", "cullface": "north"}}}, {"from": [13, 4, -0.5], "to": [16, 6, 0], "rotation": {"angle": 0, "axis": "y", "origin": [8, 8, 8]}, "faces": {"north": {"uv": [0, 10, 3, 12], "texture": "#side", "cullface": "north"}, "east": {"uv": [0, 10, 1, 12], "texture": "#side", "cullface": "north"}, "west": {"uv": [2, 10, 3, 12], "texture": "#side", "cullface": "north"}, "up": {"uv": [0, 10, 3, 11], "rotation": 180, "texture": "#side", "cullface": "north"}, "down": {"uv": [0, 11, 3, 12], "rotation": 180, "texture": "#side", "cullface": "north"}}}, {"from": [14, 3, -0.5], "to": [15, 4, 0], "rotation": {"angle": 0, "axis": "y", "origin": [8, 8, 8]}, "faces": {"north": {"uv": [1, 12, 2, 13], "texture": "#side", "cullface": "north"}, "east": {"uv": [1, 12, 2, 13], "texture": "#side", "cullface": "north"}, "west": {"uv": [1, 12, 2, 13], "texture": "#side", "cullface": "north"}, "down": {"uv": [1, 12, 2, 13], "rotation": 180, "texture": "#side", "cullface": "north"}}}, {"from": [14, 7, -0.5], "to": [15, 8, 0], "rotation": {"angle": 0, "axis": "y", "origin": [8, 8, 8]}, "faces": {"north": {"uv": [1, 8, 2, 9], "texture": "#side", "cullface": "north"}, "east": {"uv": [1, 8, 2, 9], "texture": "#side", "cullface": "north"}, "west": {"uv": [1, 8, 2, 9], "texture": "#side", "cullface": "north"}, "up": {"uv": [1, 8, 2, 9], "rotation": 180, "texture": "#side", "cullface": "north"}, "down": {"uv": [1, 8, 2, 9], "rotation": 180, "texture": "#side", "cullface": "north"}}}, {"from": [0, 14, -0.5], "to": [8, 16, 0], "rotation": {"angle": 0, "axis": "y", "origin": [8, 8, 8]}, "faces": {"north": {"uv": [8, 0, 16, 2], "texture": "#side", "cullface": "north"}, "east": {"uv": [8, 0, 9, 2], "texture": "#side", "cullface": "north"}, "west": {"uv": [15, 0, 16, 2], "texture": "#side", "cullface": "north"}, "up": {"uv": [8, 0, 16, 1], "rotation": 180, "texture": "#side", "cullface": "north"}, "down": {"uv": [8, 1, 16, 2], "rotation": 180, "texture": "#side", "cullface": "north"}}}, {"from": [4, 12, -0.5], "to": [7, 13, 0], "rotation": {"angle": 0, "axis": "y", "origin": [8, 8, 8]}, "faces": {"north": {"uv": [9, 3, 12, 4], "texture": "#side", "cullface": "north"}, "east": {"uv": [9, 3, 10, 4], "texture": "#side", "cullface": "north"}, "west": {"uv": [11, 3, 12, 4], "texture": "#side", "cullface": "north"}, "up": {"uv": [9, 3, 12, 4], "rotation": 180, "texture": "#side", "cullface": "north"}}}, {"from": [3, 10, -0.5], "to": [8, 12, 0], "rotation": {"angle": 0, "axis": "y", "origin": [8, 8, 8]}, "faces": {"north": {"uv": [8, 4, 13, 6], "texture": "#side", "cullface": "north"}, "east": {"uv": [8, 4, 9, 6], "texture": "#side", "cullface": "north"}, "west": {"uv": [12, 4, 13, 6], "texture": "#side", "cullface": "north"}, "up": {"uv": [8, 4, 13, 5], "rotation": 180, "texture": "#side", "cullface": "north"}, "down": {"uv": [8, 5, 13, 6], "rotation": 180, "texture": "#side", "cullface": "north"}}}, {"from": [6, 8, -0.5], "to": [7, 10, 0], "rotation": {"angle": 0, "axis": "y", "origin": [8, 8, 8]}, "faces": {"north": {"uv": [9, 6, 10, 8], "texture": "#side", "cullface": "north"}, "east": {"uv": [9, 6, 10, 8], "texture": "#side", "cullface": "north"}, "west": {"uv": [9, 6, 10, 8], "texture": "#side", "cullface": "north"}, "down": {"uv": [9, 7, 10, 8], "rotation": 180, "texture": "#side", "cullface": "north"}}}, {"from": [5, 9, -0.5], "to": [6, 10, 0], "rotation": {"angle": 0, "axis": "y", "origin": [8, 8, 8]}, "faces": {"north": {"uv": [10, 6, 11, 7], "texture": "#side", "cullface": "north"}, "west": {"uv": [10, 6, 11, 7], "texture": "#side", "cullface": "north"}, "down": {"uv": [10, 6, 11, 7], "rotation": 180, "texture": "#side", "cullface": "north"}}}, {"from": [5, 6, -0.5], "to": [6, 8, 0], "rotation": {"angle": 0, "axis": "y", "origin": [8, 8, 8]}, "faces": {"north": {"uv": [10, 8, 11, 10], "texture": "#side", "cullface": "north"}, "east": {"uv": [10, 8, 11, 10], "texture": "#side", "cullface": "north"}, "up": {"uv": [10, 8, 11, 9], "rotation": 180, "texture": "#side", "cullface": "north"}, "down": {"uv": [10, 9, 11, 10], "rotation": 180, "texture": "#side", "cullface": "north"}}}, {"from": [0, 6, -0.5], "to": [1, 7, 0], "rotation": {"angle": 0, "axis": "y", "origin": [8, 8, 8]}, "faces": {"north": {"uv": [15, 9, 16, 10], "texture": "#side", "cullface": "north"}, "west": {"uv": [15, 9, 16, 10], "texture": "#side", "cullface": "north"}, "up": {"uv": [15, 9, 16, 10], "rotation": 180, "texture": "#side", "cullface": "north"}, "down": {"uv": [15, 9, 16, 10], "rotation": 180, "texture": "#side", "cullface": "north"}}}, {"from": [8, 6, -0.5], "to": [13, 7, 0], "rotation": {"angle": 0, "axis": "y", "origin": [8, 8, 8]}, "faces": {"north": {"uv": [3, 9, 8, 10], "texture": "#side", "cullface": "north"}, "east": {"uv": [3, 9, 4, 10], "texture": "#side", "cullface": "north"}, "west": {"uv": [7, 9, 8, 10], "texture": "#side", "cullface": "north"}, "up": {"uv": [3, 9, 8, 10], "rotation": 180, "texture": "#side", "cullface": "north"}, "down": {"uv": [3, 9, 8, 10], "rotation": 180, "texture": "#side", "cullface": "north"}}}, {"from": [7, 7, -0.5], "to": [12, 8, 0], "rotation": {"angle": 0, "axis": "y", "origin": [8, 8, 8]}, "faces": {"north": {"uv": [4, 8, 9, 9], "texture": "#side", "cullface": "north"}, "east": {"uv": [4, 8, 5, 9], "texture": "#side", "cullface": "north"}, "west": {"uv": [8, 8, 9, 9], "texture": "#side", "cullface": "north"}, "up": {"uv": [4, 8, 9, 9], "rotation": 180, "texture": "#side", "cullface": "north"}, "down": {"uv": [4, 8, 9, 9], "rotation": 180, "texture": "#side", "cullface": "north"}}}, {"from": [9, 5, -0.5], "to": [12, 6, 0], "rotation": {"angle": 0, "axis": "y", "origin": [8, 8, 8]}, "faces": {"north": {"uv": [4, 10, 7, 11], "texture": "#side", "cullface": "north"}, "east": {"uv": [4, 10, 5, 11], "texture": "#side", "cullface": "north"}, "west": {"uv": [6, 10, 7, 11], "texture": "#side", "cullface": "north"}, "down": {"uv": [4, 10, 7, 11], "rotation": 180, "texture": "#side", "cullface": "north"}}}, {"from": [6, 5, -0.5], "to": [8, 6, 0], "rotation": {"angle": 0, "axis": "y", "origin": [8, 8, 8]}, "faces": {"north": {"uv": [8, 10, 10, 11], "texture": "#side", "cullface": "north"}, "east": {"uv": [8, 10, 9, 11], "texture": "#side", "cullface": "north"}, "west": {"uv": [9, 10, 10, 11], "texture": "#side", "cullface": "north"}, "up": {"uv": [8, 10, 10, 11], "rotation": 180, "texture": "#side", "cullface": "north"}}}, {"from": [5, 4, -0.5], "to": [9, 5, 0], "rotation": {"angle": 0, "axis": "y", "origin": [8, 8, 8]}, "faces": {"north": {"uv": [7, 11, 11, 12], "texture": "#side", "cullface": "north"}, "east": {"uv": [7, 11, 8, 12], "texture": "#side", "cullface": "north"}, "west": {"uv": [10, 11, 11, 12], "texture": "#side", "cullface": "north"}, "up": {"uv": [7, 11, 11, 12], "rotation": 180, "texture": "#side", "cullface": "north"}}}, {"from": [4, 2, -0.5], "to": [10, 3, 0], "rotation": {"angle": 0, "axis": "y", "origin": [8, 8, 8]}, "faces": {"north": {"uv": [6, 13, 12, 14], "texture": "#side", "cullface": "north"}, "east": {"uv": [6, 13, 7, 14], "texture": "#side", "cullface": "north"}, "west": {"uv": [11, 13, 12, 14], "texture": "#side", "cullface": "north"}, "up": {"uv": [6, 13, 12, 14], "rotation": 180, "texture": "#side", "cullface": "north"}, "down": {"uv": [6, 13, 12, 14], "rotation": 180, "texture": "#side", "cullface": "north"}}}, {"from": [7, 1, -0.5], "to": [9, 2, 0], "rotation": {"angle": 0, "axis": "y", "origin": [8, 8, 8]}, "faces": {"north": {"uv": [7, 14, 9, 15], "texture": "#side", "cullface": "north"}, "east": {"uv": [7, 14, 8, 15], "texture": "#side", "cullface": "north"}, "west": {"uv": [8, 14, 9, 15], "texture": "#side", "cullface": "north"}, "down": {"uv": [7, 14, 9, 15], "rotation": 180, "texture": "#side", "cullface": "north"}}}, {"from": [3, 3, -0.5], "to": [9, 4, 0], "rotation": {"angle": 0, "axis": "y", "origin": [8, 8, 8]}, "faces": {"north": {"uv": [7, 12, 13, 13], "texture": "#side", "cullface": "north"}, "east": {"uv": [7, 12, 8, 13], "texture": "#side", "cullface": "north"}, "west": {"uv": [12, 12, 13, 13], "texture": "#side", "cullface": "north"}, "up": {"uv": [7, 12, 13, 13], "rotation": 180, "texture": "#side", "cullface": "north"}, "down": {"uv": [7, 12, 13, 13], "rotation": 180, "texture": "#side", "cullface": "north"}}}, {"from": [0, 1, -0.5], "to": [2, 4, 0], "rotation": {"angle": 0, "axis": "y", "origin": [8, 8, 8]}, "faces": {"north": {"uv": [14, 12, 16, 15], "texture": "#side", "cullface": "north"}, "east": {"uv": [14, 12, 15, 15], "texture": "#side", "cullface": "north"}, "west": {"uv": [15, 12, 16, 15], "texture": "#side", "cullface": "north"}, "up": {"uv": [14, 12, 16, 13], "rotation": 180, "texture": "#side", "cullface": "north"}, "down": {"uv": [14, 14, 16, 15], "rotation": 180, "texture": "#side", "cullface": "north"}}}, {"from": [2, 4, -0.5], "to": [3, 5, 0], "rotation": {"angle": 0, "axis": "y", "origin": [8, 8, 8]}, "faces": {"north": {"uv": [13, 11, 14, 12], "texture": "#side", "cullface": "north"}, "east": {"uv": [13, 11, 14, 12], "texture": "#side", "cullface": "north"}, "west": {"uv": [13, 11, 14, 12], "texture": "#side", "cullface": "north"}, "down": {"uv": [13, 11, 14, 12], "rotation": 180, "texture": "#side", "cullface": "north"}}}, {"from": [0, 9, -0.5], "to": [1, 13, 0], "rotation": {"angle": 0, "axis": "y", "origin": [8, 8, 8]}, "faces": {"north": {"uv": [15, 3, 16, 7], "texture": "#side", "cullface": "north"}, "east": {"uv": [15, 3, 16, 7], "texture": "#side", "cullface": "north"}, "west": {"uv": [15, 3, 16, 7], "texture": "#side", "cullface": "north"}, "up": {"uv": [15, 3, 16, 4], "rotation": 180, "texture": "#side", "cullface": "north"}, "down": {"uv": [15, 6, 16, 7], "rotation": 180, "texture": "#side", "cullface": "north"}}}, {"from": [1, 10, -0.5], "to": [2, 12, 0], "rotation": {"angle": 0, "axis": "y", "origin": [8, 8, 8]}, "faces": {"north": {"uv": [14, 4, 15, 6], "texture": "#side", "cullface": "north"}, "east": {"uv": [14, 4, 15, 6], "texture": "#side", "cullface": "north"}, "up": {"uv": [14, 4, 15, 5], "rotation": 180, "texture": "#side", "cullface": "north"}, "down": {"uv": [14, 5, 15, 6], "rotation": 180, "texture": "#side", "cullface": "north"}}}, {"from": [1, 5, -0.5], "to": [5, 9, 0], "rotation": {"angle": 0, "axis": "y", "origin": [8, 8, 8]}, "faces": {"north": {"uv": [11, 7, 15, 11], "texture": "#side", "cullface": "north"}, "east": {"uv": [11, 7, 12, 11], "texture": "#side", "cullface": "north"}, "west": {"uv": [14, 7, 15, 11], "texture": "#side", "cullface": "north"}, "up": {"uv": [11, 7, 15, 8], "rotation": 180, "texture": "#side", "cullface": "north"}, "down": {"uv": [11, 10, 15, 11], "rotation": 180, "texture": "#side", "cullface": "north"}}}, {"from": [8, 8, 1], "to": [8.5, 9, 5], "rotation": {"angle": 0, "axis": "y", "origin": [8, 8, 8]}, "faces": {"north": {"uv": [14, 7, 15, 8], "texture": "#side"}, "east": {"uv": [11, 7, 15, 8], "texture": "#side"}, "south": {"uv": [11, 7, 12, 8], "texture": "#side"}, "up": {"uv": [11, 7, 15, 8], "rotation": 270, "texture": "#side"}}}, {"from": [8, 8, 6], "to": [8.5, 10, 7], "rotation": {"angle": 0, "axis": "y", "origin": [8, 8, 8]}, "faces": {"north": {"uv": [9, 6, 10, 8], "texture": "#side"}, "east": {"uv": [9, 6, 10, 8], "texture": "#side"}, "south": {"uv": [9, 6, 10, 8], "texture": "#side"}}}, {"from": [8, 9, 5], "to": [8.5, 10, 6], "rotation": {"angle": 0, "axis": "y", "origin": [8, 8, 8]}, "faces": {"north": {"uv": [10, 6, 11, 7], "texture": "#side"}, "east": {"uv": [10, 6, 11, 7], "texture": "#side"}, "down": {"uv": [10, 6, 11, 7], "rotation": 90, "texture": "#side"}}}, {"from": [8, 10, 3], "to": [8.5, 12, 8], "rotation": {"angle": 0, "axis": "y", "origin": [8, 8, 8]}, "faces": {"north": {"uv": [12, 4, 13, 6], "texture": "#side"}, "east": {"uv": [8, 4, 13, 6], "texture": "#side"}, "south": {"uv": [8, 4, 9, 6], "texture": "#side"}, "up": {"uv": [8, 4, 13, 5], "rotation": 270, "texture": "#side"}, "down": {"uv": [8, 5, 13, 6], "rotation": 90, "texture": "#side"}}}, {"from": [8, 12, 4], "to": [8.5, 13, 7], "rotation": {"angle": 0, "axis": "y", "origin": [8, 8, 8]}, "faces": {"north": {"uv": [11, 3, 12, 4], "texture": "#side"}, "east": {"uv": [9, 3, 12, 4], "texture": "#side"}, "south": {"uv": [9, 3, 10, 4], "texture": "#side"}, "up": {"uv": [9, 3, 12, 4], "rotation": 270, "texture": "#side"}}}, {"from": [8, 14, 0], "to": [8.5, 16, 8], "rotation": {"angle": 0, "axis": "y", "origin": [8, 8, 8]}, "faces": {"north": {"uv": [15, 0, 16, 2], "texture": "#side"}, "east": {"uv": [8, 0, 16, 2], "texture": "#side"}, "south": {"uv": [8, 0, 9, 2], "texture": "#side"}, "up": {"uv": [8, 0, 16, 1], "rotation": 270, "texture": "#side"}, "down": {"uv": [8, 1, 16, 2], "rotation": 90, "texture": "#side"}}}, {"from": [8, 10, 1], "to": [8.5, 12, 2], "rotation": {"angle": 0, "axis": "y", "origin": [8, 8, 8]}, "faces": {"east": {"uv": [14, 4, 15, 6], "texture": "#side"}, "south": {"uv": [14, 4, 15, 6], "texture": "#side"}, "up": {"uv": [14, 4, 15, 5], "rotation": 270, "texture": "#side"}, "down": {"uv": [14, 5, 15, 6], "rotation": 90, "texture": "#side"}}}, {"from": [8, 9, 0], "to": [8.5, 13, 1], "rotation": {"angle": 0, "axis": "y", "origin": [8, 8, 8]}, "faces": {"north": {"uv": [15, 3, 16, 7], "texture": "#side"}, "east": {"uv": [15, 3, 16, 7], "texture": "#side"}, "south": {"uv": [15, 3, 16, 7], "texture": "#side"}, "up": {"uv": [15, 3, 16, 4], "rotation": 270, "texture": "#side"}, "down": {"uv": [15, 6, 16, 7], "rotation": 90, "texture": "#side"}}}, {"from": [16, 2, 2], "to": [16.5, 3, 3], "rotation": {"angle": 0, "axis": "y", "origin": [8, 8, 8]}, "faces": {"east": {"uv": [13, 13, 14, 14], "texture": "#side", "cullface": "east"}, "south": {"uv": [13, 13, 14, 14], "texture": "#side", "cullface": "east"}, "up": {"uv": [13, 13, 14, 14], "rotation": 270, "texture": "#side", "cullface": "east"}, "down": {"uv": [13, 13, 14, 14], "rotation": 90, "texture": "#side", "cullface": "east"}}}, {"from": [16, 0, 2], "to": [16.5, 1, 7], "rotation": {"angle": 0, "axis": "y", "origin": [8, 8, 8]}, "faces": {"north": {"uv": [13, 15, 14, 16], "texture": "#side", "cullface": "east"}, "east": {"uv": [9, 15, 14, 16], "texture": "#side", "cullface": "east"}, "south": {"uv": [9, 15, 10, 16], "texture": "#side", "cullface": "east"}, "up": {"uv": [9, 15, 14, 16], "rotation": 270, "texture": "#side", "cullface": "east"}, "down": {"uv": [9, 15, 14, 16], "rotation": 90, "texture": "#side", "cullface": "east"}}}, {"from": [16, 0, 9], "to": [16.5, 1, 11], "rotation": {"angle": 0, "axis": "y", "origin": [8, 8, 8]}, "faces": {"north": {"uv": [6, 15, 7, 16], "texture": "#side", "cullface": "east"}, "east": {"uv": [5, 15, 7, 16], "texture": "#side", "cullface": "east"}, "south": {"uv": [5, 15, 6, 16], "texture": "#side", "cullface": "east"}, "up": {"uv": [5, 15, 7, 16], "rotation": 270, "texture": "#side", "cullface": "east"}, "down": {"uv": [5, 15, 7, 16], "rotation": 90, "texture": "#side", "cullface": "east"}}}, {"from": [16, 0, 14], "to": [16.5, 1, 15], "rotation": {"angle": 0, "axis": "y", "origin": [8, 8, 8]}, "faces": {"north": {"uv": [1, 15, 2, 16], "texture": "#side", "cullface": "east"}, "east": {"uv": [1, 15, 2, 16], "texture": "#side", "cullface": "east"}, "up": {"uv": [1, 15, 2, 16], "rotation": 270, "texture": "#side", "cullface": "east"}, "down": {"uv": [1, 15, 2, 16], "rotation": 90, "texture": "#side", "cullface": "east"}}}, {"from": [16, 0, 15], "to": [16.5, 3, 16], "rotation": {"angle": 0, "axis": "y", "origin": [8, 8, 8]}, "faces": {"north": {"uv": [0, 13, 1, 16], "texture": "#side", "cullface": "east"}, "east": {"uv": [0, 13, 1, 16], "texture": "#side", "cullface": "east"}, "south": {"uv": [0, 13, 1, 16], "texture": "#side", "cullface": "east"}, "up": {"uv": [0, 13, 1, 14], "rotation": 270, "texture": "#side", "cullface": "east"}, "down": {"uv": [0, 15, 1, 16], "rotation": 90, "texture": "#side", "cullface": "east"}}}, {"from": [16, 1, 12], "to": [16.5, 2, 14], "rotation": {"angle": 0, "axis": "y", "origin": [8, 8, 8]}, "faces": {"north": {"uv": [3, 14, 4, 15], "texture": "#side", "cullface": "east"}, "east": {"uv": [2, 14, 4, 15], "texture": "#side", "cullface": "east"}, "south": {"uv": [2, 14, 3, 15], "texture": "#side", "cullface": "east"}, "down": {"uv": [2, 14, 4, 15], "rotation": 90, "texture": "#side", "cullface": "east"}}}, {"from": [16, 2, 11], "to": [16.5, 3, 14], "rotation": {"angle": 0, "axis": "y", "origin": [8, 8, 8]}, "faces": {"north": {"uv": [4, 13, 5, 14], "texture": "#side", "cullface": "east"}, "east": {"uv": [2, 13, 5, 14], "texture": "#side", "cullface": "east"}, "south": {"uv": [2, 13, 3, 14], "texture": "#side", "cullface": "east"}, "up": {"uv": [2, 13, 5, 14], "rotation": 270, "texture": "#side", "cullface": "east"}, "down": {"uv": [2, 13, 5, 14], "rotation": 90, "texture": "#side", "cullface": "east"}}}, {"from": [16, 3, 10], "to": [16.5, 4, 13], "rotation": {"angle": 0, "axis": "y", "origin": [8, 8, 8]}, "faces": {"north": {"uv": [5, 12, 6, 13], "texture": "#side", "cullface": "east"}, "east": {"uv": [3, 12, 6, 13], "texture": "#side", "cullface": "east"}, "south": {"uv": [3, 12, 4, 13], "texture": "#side", "cullface": "east"}, "up": {"uv": [3, 12, 6, 13], "rotation": 270, "texture": "#side", "cullface": "east"}, "down": {"uv": [3, 12, 6, 13], "rotation": 90, "texture": "#side", "cullface": "east"}}}, {"from": [16, 4, 13], "to": [16.5, 6, 16], "rotation": {"angle": 0, "axis": "y", "origin": [8, 8, 8]}, "faces": {"north": {"uv": [2, 10, 3, 12], "texture": "#side", "cullface": "east"}, "east": {"uv": [0, 10, 3, 12], "texture": "#side", "cullface": "east"}, "south": {"uv": [0, 10, 1, 12], "texture": "#side", "cullface": "east"}, "up": {"uv": [0, 10, 3, 11], "rotation": 270, "texture": "#side", "cullface": "east"}, "down": {"uv": [0, 11, 3, 12], "rotation": 90, "texture": "#side", "cullface": "east"}}}, {"from": [16, 3, 14], "to": [16.5, 4, 15], "rotation": {"angle": 0, "axis": "y", "origin": [8, 8, 8]}, "faces": {"north": {"uv": [1, 12, 2, 13], "texture": "#side", "cullface": "east"}, "east": {"uv": [1, 12, 2, 13], "texture": "#side", "cullface": "east"}, "south": {"uv": [1, 12, 2, 13], "texture": "#side", "cullface": "east"}, "down": {"uv": [1, 12, 2, 13], "rotation": 90, "texture": "#side", "cullface": "east"}}}, {"from": [16, 7, 14], "to": [16.5, 8, 15], "rotation": {"angle": 0, "axis": "y", "origin": [8, 8, 8]}, "faces": {"north": {"uv": [1, 8, 2, 9], "texture": "#side", "cullface": "east"}, "east": {"uv": [1, 8, 2, 9], "texture": "#side", "cullface": "east"}, "south": {"uv": [1, 8, 2, 9], "texture": "#side", "cullface": "east"}, "up": {"uv": [1, 8, 2, 9], "rotation": 180, "texture": "#side", "cullface": "east"}, "down": {"uv": [1, 8, 2, 9], "rotation": 90, "texture": "#side", "cullface": "east"}}}, {"from": [16, 6, 5], "to": [16.5, 8, 6], "rotation": {"angle": 0, "axis": "y", "origin": [8, 8, 8]}, "faces": {"east": {"uv": [10, 8, 11, 10], "texture": "#side", "cullface": "east"}, "south": {"uv": [10, 8, 11, 10], "texture": "#side", "cullface": "east"}, "up": {"uv": [10, 8, 11, 9], "rotation": 270, "texture": "#side", "cullface": "east"}, "down": {"uv": [10, 9, 11, 10], "rotation": 90, "texture": "#side", "cullface": "east"}}}, {"from": [16, 6, 0], "to": [16.5, 7, 1], "rotation": {"angle": 0, "axis": "y", "origin": [8, 8, 8]}, "faces": {"north": {"uv": [15, 9, 16, 10], "texture": "#side", "cullface": "east"}, "east": {"uv": [15, 9, 16, 10], "texture": "#side", "cullface": "east"}, "up": {"uv": [15, 9, 16, 10], "rotation": 270, "texture": "#side", "cullface": "east"}, "down": {"uv": [15, 9, 16, 10], "rotation": 90, "texture": "#side", "cullface": "east"}}}, {"from": [16, 6, 8], "to": [16.5, 7, 13], "rotation": {"angle": 0, "axis": "y", "origin": [8, 8, 8]}, "faces": {"north": {"uv": [7, 9, 8, 10], "texture": "#side", "cullface": "east"}, "east": {"uv": [3, 9, 8, 10], "texture": "#side", "cullface": "east"}, "south": {"uv": [3, 9, 4, 10], "texture": "#side", "cullface": "east"}, "up": {"uv": [3, 9, 8, 10], "rotation": 270, "texture": "#side", "cullface": "east"}, "down": {"uv": [3, 9, 8, 10], "rotation": 90, "texture": "#side", "cullface": "east"}}}, {"from": [16, 7, 7], "to": [16.5, 8, 12], "rotation": {"angle": 0, "axis": "y", "origin": [8, 8, 8]}, "faces": {"north": {"uv": [8, 8, 9, 9], "texture": "#side", "cullface": "east"}, "east": {"uv": [4, 8, 9, 9], "texture": "#side", "cullface": "east"}, "south": {"uv": [4, 8, 5, 9], "texture": "#side", "cullface": "east"}, "up": {"uv": [4, 8, 9, 9], "rotation": 270, "texture": "#side", "cullface": "east"}, "down": {"uv": [4, 8, 9, 9], "rotation": 90, "texture": "#side", "cullface": "east"}}}, {"from": [16, 5, 9], "to": [16.5, 6, 12], "rotation": {"angle": 0, "axis": "y", "origin": [8, 8, 8]}, "faces": {"north": {"uv": [6, 10, 7, 11], "texture": "#side", "cullface": "east"}, "east": {"uv": [4, 10, 7, 11], "texture": "#side", "cullface": "east"}, "south": {"uv": [4, 10, 5, 11], "texture": "#side", "cullface": "east"}, "down": {"uv": [4, 10, 7, 11], "rotation": 90, "texture": "#side", "cullface": "east"}}}, {"from": [16, 5, 6], "to": [16.5, 6, 8], "rotation": {"angle": 0, "axis": "y", "origin": [8, 8, 8]}, "faces": {"north": {"uv": [9, 10, 10, 11], "texture": "#side", "cullface": "east"}, "east": {"uv": [8, 10, 10, 11], "texture": "#side", "cullface": "east"}, "south": {"uv": [8, 10, 9, 11], "texture": "#side", "cullface": "east"}, "up": {"uv": [8, 10, 10, 11], "rotation": 270, "texture": "#side", "cullface": "east"}}}, {"from": [16, 4, 5], "to": [16.5, 5, 9], "rotation": {"angle": 0, "axis": "y", "origin": [8, 8, 8]}, "faces": {"north": {"uv": [10, 11, 11, 12], "texture": "#side", "cullface": "east"}, "east": {"uv": [7, 11, 11, 12], "texture": "#side", "cullface": "east"}, "south": {"uv": [7, 11, 8, 12], "texture": "#side", "cullface": "east"}, "up": {"uv": [7, 11, 11, 12], "rotation": 270, "texture": "#side", "cullface": "east"}}}, {"from": [16, 2, 4], "to": [16.5, 3, 10], "rotation": {"angle": 0, "axis": "y", "origin": [8, 8, 8]}, "faces": {"north": {"uv": [11, 13, 12, 14], "texture": "#side", "cullface": "east"}, "east": {"uv": [6, 13, 12, 14], "texture": "#side", "cullface": "east"}, "south": {"uv": [6, 13, 7, 14], "texture": "#side", "cullface": "east"}, "up": {"uv": [6, 13, 12, 14], "rotation": 270, "texture": "#side", "cullface": "east"}, "down": {"uv": [6, 13, 12, 14], "rotation": 90, "texture": "#side", "cullface": "east"}}}, {"from": [16, 1, 7], "to": [16.5, 2, 9], "rotation": {"angle": 0, "axis": "y", "origin": [8, 8, 8]}, "faces": {"north": {"uv": [8, 14, 9, 15], "texture": "#side", "cullface": "east"}, "east": {"uv": [7, 14, 9, 15], "texture": "#side", "cullface": "east"}, "south": {"uv": [7, 14, 8, 15], "texture": "#side", "cullface": "east"}, "down": {"uv": [7, 14, 9, 15], "rotation": 90, "texture": "#side", "cullface": "east"}}}, {"from": [16, 3, 3], "to": [16.5, 4, 9], "rotation": {"angle": 0, "axis": "y", "origin": [8, 8, 8]}, "faces": {"north": {"uv": [12, 12, 13, 13], "texture": "#side", "cullface": "east"}, "east": {"uv": [7, 12, 13, 13], "texture": "#side", "cullface": "east"}, "south": {"uv": [7, 12, 8, 13], "texture": "#side", "cullface": "east"}, "up": {"uv": [7, 12, 13, 13], "rotation": 270, "texture": "#side", "cullface": "east"}, "down": {"uv": [7, 12, 13, 13], "rotation": 90, "texture": "#side", "cullface": "east"}}}, {"from": [16, 1, 0], "to": [16.5, 4, 2], "rotation": {"angle": 0, "axis": "y", "origin": [8, 8, 8]}, "faces": {"north": {"uv": [15, 12, 16, 15], "texture": "#side", "cullface": "east"}, "east": {"uv": [14, 12, 16, 15], "texture": "#side", "cullface": "east"}, "south": {"uv": [14, 12, 15, 15], "texture": "#side", "cullface": "east"}, "up": {"uv": [14, 12, 16, 13], "rotation": 270, "texture": "#side", "cullface": "east"}, "down": {"uv": [14, 14, 16, 15], "rotation": 90, "texture": "#side", "cullface": "east"}}}, {"from": [16, 4, 2], "to": [16.5, 5, 3], "rotation": {"angle": 0, "axis": "y", "origin": [8, 8, 8]}, "faces": {"north": {"uv": [13, 11, 14, 12], "texture": "#side", "cullface": "east"}, "east": {"uv": [13, 11, 14, 12], "texture": "#side", "cullface": "east"}, "south": {"uv": [13, 11, 14, 12], "texture": "#side", "cullface": "east"}, "down": {"uv": [13, 11, 14, 12], "rotation": 90, "texture": "#side", "cullface": "east"}}}, {"from": [16, 5, 1], "to": [16.5, 8, 5], "rotation": {"angle": 0, "axis": "y", "origin": [8, 8, 8]}, "faces": {"north": {"uv": [14, 8, 15, 11], "texture": "#side", "cullface": "east"}, "east": {"uv": [11, 8, 15, 11], "texture": "#side", "cullface": "east"}, "south": {"uv": [11, 8, 12, 11], "texture": "#side", "cullface": "east"}, "up": {"uv": [11, 8, 15, 9], "rotation": 270, "texture": "#side", "cullface": "east"}, "down": {"uv": [11, 10, 15, 11], "rotation": 90, "texture": "#side", "cullface": "east"}}}, {"from": [13, -0.5, 2], "to": [14, 0, 3], "rotation": {"angle": 0, "axis": "y", "origin": [8, 8, 8]}, "faces": {"north": {"uv": [13, 13, 14, 14], "rotation": 180, "texture": "#side", "cullface": "down"}, "south": {"uv": [13, 13, 14, 14], "texture": "#side", "cullface": "down"}, "west": {"uv": [13, 13, 14, 14], "rotation": 90, "texture": "#side", "cullface": "down"}, "down": {"uv": [13, 13, 14, 14], "texture": "#side", "cullface": "down"}}}, {"from": [9, -0.5, 0], "to": [14, 0, 1], "rotation": {"angle": 0, "axis": "y", "origin": [8, 8, 8]}, "faces": {"north": {"uv": [9, 15, 14, 16], "rotation": 180, "texture": "#side", "cullface": "down"}, "east": {"uv": [13, 15, 14, 16], "rotation": 270, "texture": "#side", "cullface": "down"}, "south": {"uv": [9, 15, 14, 16], "texture": "#side", "cullface": "down"}, "west": {"uv": [9, 15, 10, 16], "rotation": 90, "texture": "#side", "cullface": "down"}, "down": {"uv": [9, 15, 14, 16], "texture": "#side", "cullface": "down"}}}, {"from": [5, -0.5, 0], "to": [7, 0, 1], "rotation": {"angle": 0, "axis": "y", "origin": [8, 8, 8]}, "faces": {"north": {"uv": [5, 15, 7, 16], "rotation": 180, "texture": "#side", "cullface": "down"}, "east": {"uv": [6, 15, 7, 16], "rotation": 270, "texture": "#side", "cullface": "down"}, "south": {"uv": [5, 15, 7, 16], "texture": "#side", "cullface": "down"}, "west": {"uv": [5, 15, 6, 16], "rotation": 90, "texture": "#side", "cullface": "down"}, "down": {"uv": [5, 15, 7, 16], "texture": "#side", "cullface": "down"}}}, {"from": [1, -0.5, 0], "to": [2, 0, 1], "rotation": {"angle": 0, "axis": "y", "origin": [8, 8, 8]}, "faces": {"north": {"uv": [1, 15, 2, 16], "rotation": 180, "texture": "#side", "cullface": "down"}, "east": {"uv": [1, 15, 2, 16], "rotation": 270, "texture": "#side", "cullface": "down"}, "south": {"uv": [1, 15, 2, 16], "texture": "#side", "cullface": "down"}, "down": {"uv": [1, 15, 2, 16], "texture": "#side", "cullface": "down"}}}, {"from": [0, -0.5, 0], "to": [1, 0, 3], "rotation": {"angle": 0, "axis": "y", "origin": [8, 8, 8]}, "faces": {"north": {"uv": [0, 15, 1, 16], "rotation": 180, "texture": "#side", "cullface": "down"}, "east": {"uv": [0, 13, 1, 16], "rotation": 270, "texture": "#side", "cullface": "down"}, "south": {"uv": [0, 13, 1, 14], "texture": "#side", "cullface": "down"}, "west": {"uv": [0, 13, 1, 16], "rotation": 90, "texture": "#side", "cullface": "down"}, "down": {"uv": [0, 13, 1, 16], "texture": "#side", "cullface": "down"}}}, {"from": [2, -0.5, 1], "to": [4, 0, 2], "rotation": {"angle": 0, "axis": "y", "origin": [8, 8, 8]}, "faces": {"north": {"uv": [2, 14, 4, 15], "rotation": 180, "texture": "#side", "cullface": "down"}, "east": {"uv": [3, 14, 4, 15], "rotation": 270, "texture": "#side", "cullface": "down"}, "west": {"uv": [2, 14, 3, 15], "rotation": 90, "texture": "#side", "cullface": "down"}, "down": {"uv": [2, 14, 4, 15], "texture": "#side", "cullface": "down"}}}, {"from": [2, -0.5, 2], "to": [5, 0, 3], "rotation": {"angle": 0, "axis": "y", "origin": [8, 8, 8]}, "faces": {"north": {"uv": [2, 13, 5, 14], "rotation": 180, "texture": "#side", "cullface": "down"}, "east": {"uv": [4, 13, 5, 14], "rotation": 270, "texture": "#side", "cullface": "down"}, "south": {"uv": [2, 13, 5, 14], "texture": "#side", "cullface": "down"}, "west": {"uv": [2, 13, 3, 14], "rotation": 90, "texture": "#side", "cullface": "down"}, "down": {"uv": [2, 13, 5, 14], "texture": "#side", "cullface": "down"}}}, {"from": [3, -0.5, 3], "to": [6, 0, 4], "rotation": {"angle": 0, "axis": "y", "origin": [8, 8, 8]}, "faces": {"north": {"uv": [3, 12, 6, 13], "rotation": 180, "texture": "#side", "cullface": "down"}, "east": {"uv": [5, 12, 6, 13], "rotation": 270, "texture": "#side", "cullface": "down"}, "south": {"uv": [3, 12, 6, 13], "texture": "#side", "cullface": "down"}, "west": {"uv": [3, 12, 4, 13], "rotation": 90, "texture": "#side", "cullface": "down"}, "down": {"uv": [3, 12, 6, 13], "texture": "#side", "cullface": "down"}}}, {"from": [0, -0.5, 4], "to": [3, 0, 6], "rotation": {"angle": 0, "axis": "y", "origin": [8, 8, 8]}, "faces": {"north": {"uv": [0, 11, 3, 12], "rotation": 180, "texture": "#side", "cullface": "down"}, "east": {"uv": [2, 10, 3, 12], "rotation": 270, "texture": "#side", "cullface": "down"}, "south": {"uv": [0, 10, 3, 11], "texture": "#side", "cullface": "down"}, "west": {"uv": [0, 10, 1, 12], "rotation": 90, "texture": "#side", "cullface": "down"}, "down": {"uv": [0, 10, 3, 12], "texture": "#side", "cullface": "down"}}}, {"from": [1, -0.5, 3], "to": [2, 0, 4], "rotation": {"angle": 0, "axis": "y", "origin": [8, 8, 8]}, "faces": {"north": {"uv": [1, 12, 2, 13], "rotation": 180, "texture": "#side", "cullface": "down"}, "east": {"uv": [1, 12, 2, 13], "rotation": 270, "texture": "#side", "cullface": "down"}, "west": {"uv": [1, 12, 2, 13], "rotation": 90, "texture": "#side", "cullface": "down"}, "down": {"uv": [1, 12, 2, 13], "texture": "#side", "cullface": "down"}}}, {"from": [1, -0.5, 7], "to": [2, 0, 8], "rotation": {"angle": 0, "axis": "y", "origin": [8, 8, 8]}, "faces": {"north": {"uv": [1, 8, 2, 9], "rotation": 180, "texture": "#side", "cullface": "down"}, "east": {"uv": [1, 8, 2, 9], "rotation": 270, "texture": "#side", "cullface": "down"}, "west": {"uv": [1, 8, 2, 9], "rotation": 90, "texture": "#side", "cullface": "down"}, "down": {"uv": [1, 8, 2, 9], "texture": "#side", "cullface": "down"}}}, {"from": [0, -0.5, 8], "to": [4, 0, 9], "rotation": {"angle": 0, "axis": "y", "origin": [8, 8, 8]}, "faces": {"north": {"uv": [0, 7, 4, 8], "rotation": 180, "texture": "#side", "cullface": "down"}, "east": {"uv": [3, 7, 4, 8], "rotation": 270, "texture": "#side", "cullface": "down"}, "south": {"uv": [0, 7, 4, 8], "texture": "#side", "cullface": "down"}, "west": {"uv": [0, 7, 1, 8], "rotation": 90, "texture": "#side", "cullface": "down"}, "down": {"uv": [0, 7, 4, 8], "texture": "#side", "cullface": "down"}}}, {"from": [0, -0.5, 9], "to": [3, 0, 10], "rotation": {"angle": 0, "axis": "y", "origin": [8, 8, 8]}, "faces": {"east": {"uv": [2, 6, 3, 7], "rotation": 270, "texture": "#side", "cullface": "down"}, "south": {"uv": [0, 6, 3, 7], "texture": "#side", "cullface": "down"}, "west": {"uv": [0, 6, 1, 7], "rotation": 90, "texture": "#side", "cullface": "down"}, "down": {"uv": [0, 6, 3, 7], "texture": "#side", "cullface": "down"}}}, {"from": [0, -0.5, 10], "to": [2, 0, 11], "rotation": {"angle": 0, "axis": "y", "origin": [8, 8, 8]}, "faces": {"east": {"uv": [1, 5, 2, 6], "rotation": 270, "texture": "#side", "cullface": "down"}, "south": {"uv": [0, 5, 2, 6], "texture": "#side", "cullface": "down"}, "west": {"uv": [0, 5, 1, 6], "rotation": 90, "texture": "#side", "cullface": "down"}, "down": {"uv": [0, 5, 2, 6], "texture": "#side", "cullface": "down"}}}, {"from": [0, -0.5, 11], "to": [1, 0, 13], "rotation": {"angle": 0, "axis": "y", "origin": [8, 8, 8]}, "faces": {"east": {"uv": [0, 3, 1, 5], "rotation": 270, "texture": "#side", "cullface": "down"}, "south": {"uv": [0, 3, 1, 4], "texture": "#side", "cullface": "down"}, "west": {"uv": [0, 3, 1, 5], "rotation": 90, "texture": "#side", "cullface": "down"}, "down": {"uv": [0, 3, 1, 5], "texture": "#side", "cullface": "down"}}}, {"from": [2, -0.5, 11], "to": [7, 0, 13], "rotation": {"angle": 0, "axis": "y", "origin": [8, 8, 8]}, "faces": {"north": {"uv": [2, 4, 7, 5], "rotation": 180, "texture": "#side", "cullface": "down"}, "east": {"uv": [6, 3, 7, 5], "rotation": 270, "texture": "#side", "cullface": "down"}, "south": {"uv": [2, 3, 7, 4], "texture": "#side", "cullface": "down"}, "west": {"uv": [2, 3, 3, 5], "rotation": 90, "texture": "#side", "cullface": "down"}, "down": {"uv": [2, 3, 7, 5], "texture": "#side", "cullface": "down"}}}, {"from": [4, -0.5, 10], "to": [7, 0, 11], "rotation": {"angle": 0, "axis": "y", "origin": [8, 8, 8]}, "faces": {"north": {"uv": [4, 5, 7, 6], "rotation": 180, "texture": "#side", "cullface": "down"}, "east": {"uv": [6, 5, 7, 6], "rotation": 270, "texture": "#side", "cullface": "down"}, "west": {"uv": [4, 5, 5, 6], "rotation": 90, "texture": "#side", "cullface": "down"}, "down": {"uv": [4, 5, 7, 6], "texture": "#side", "cullface": "down"}}}, {"from": [7, -0.5, 12], "to": [8, 0, 13], "rotation": {"angle": 0, "axis": "y", "origin": [8, 8, 8]}, "faces": {"north": {"uv": [7, 3, 8, 4], "rotation": 180, "texture": "#side", "cullface": "down"}, "east": {"uv": [7, 3, 8, 4], "rotation": 270, "texture": "#side", "cullface": "down"}, "south": {"uv": [7, 3, 8, 4], "texture": "#side", "cullface": "down"}, "down": {"uv": [7, 3, 8, 4], "texture": "#side", "cullface": "down"}}}, {"from": [9, -0.5, 12], "to": [12, 0, 13], "rotation": {"angle": 0, "axis": "y", "origin": [8, 8, 8]}, "faces": {"east": {"uv": [11, 3, 12, 4], "rotation": 270, "texture": "#side", "cullface": "down"}, "south": {"uv": [9, 3, 12, 4], "texture": "#side", "cullface": "down"}, "west": {"uv": [9, 3, 10, 4], "rotation": 90, "texture": "#side", "cullface": "down"}, "down": {"uv": [9, 3, 12, 4], "texture": "#side", "cullface": "down"}}}, {"from": [8, -0.5, 10], "to": [13, 0, 12], "rotation": {"angle": 0, "axis": "y", "origin": [8, 8, 8]}, "faces": {"north": {"uv": [8, 5, 13, 6], "rotation": 180, "texture": "#side", "cullface": "down"}, "east": {"uv": [12, 4, 13, 6], "rotation": 270, "texture": "#side", "cullface": "down"}, "south": {"uv": [8, 4, 13, 5], "texture": "#side", "cullface": "down"}, "west": {"uv": [8, 4, 9, 6], "rotation": 90, "texture": "#side", "cullface": "down"}, "down": {"uv": [8, 4, 13, 6], "texture": "#side", "cullface": "down"}}}, {"from": [9, -0.5, 8], "to": [10, 0, 10], "rotation": {"angle": 0, "axis": "y", "origin": [8, 8, 8]}, "faces": {"north": {"uv": [9, 7, 10, 8], "rotation": 180, "texture": "#side", "cullface": "down"}, "east": {"uv": [9, 6, 10, 8], "rotation": 270, "texture": "#side", "cullface": "down"}, "west": {"uv": [9, 6, 10, 8], "rotation": 90, "texture": "#side", "cullface": "down"}, "down": {"uv": [9, 6, 10, 8], "texture": "#side", "cullface": "down"}}}, {"from": [10, -0.5, 9], "to": [11, 0, 10], "rotation": {"angle": 0, "axis": "y", "origin": [8, 8, 8]}, "faces": {"north": {"uv": [10, 6, 11, 7], "rotation": 180, "texture": "#side", "cullface": "down"}, "east": {"uv": [10, 6, 11, 7], "rotation": 270, "texture": "#side", "cullface": "down"}, "down": {"uv": [10, 6, 11, 7], "texture": "#side", "cullface": "down"}}}, {"from": [10, -0.5, 6], "to": [11, 0, 8], "rotation": {"angle": 0, "axis": "y", "origin": [8, 8, 8]}, "faces": {"north": {"uv": [10, 9, 11, 10], "rotation": 180, "texture": "#side", "cullface": "down"}, "south": {"uv": [10, 8, 11, 9], "texture": "#side", "cullface": "down"}, "west": {"uv": [10, 8, 11, 10], "rotation": 90, "texture": "#side", "cullface": "down"}, "down": {"uv": [10, 8, 11, 10], "texture": "#side", "cullface": "down"}}}, {"from": [15, -0.5, 6], "to": [16, 0, 7], "rotation": {"angle": 0, "axis": "y", "origin": [8, 8, 8]}, "faces": {"north": {"uv": [15, 9, 16, 10], "rotation": 180, "texture": "#side", "cullface": "down"}, "east": {"uv": [15, 9, 16, 10], "rotation": 270, "texture": "#side", "cullface": "down"}, "south": {"uv": [15, 9, 16, 10], "texture": "#side", "cullface": "down"}, "down": {"uv": [15, 9, 16, 10], "texture": "#side", "cullface": "down"}}}, {"from": [3, -0.5, 6], "to": [8, 0, 7], "rotation": {"angle": 0, "axis": "y", "origin": [8, 8, 8]}, "faces": {"north": {"uv": [3, 9, 8, 10], "rotation": 180, "texture": "#side", "cullface": "down"}, "east": {"uv": [7, 9, 8, 10], "rotation": 270, "texture": "#side", "cullface": "down"}, "south": {"uv": [3, 9, 8, 10], "texture": "#side", "cullface": "down"}, "west": {"uv": [3, 9, 4, 10], "rotation": 90, "texture": "#side", "cullface": "down"}, "down": {"uv": [3, 9, 8, 10], "texture": "#side", "cullface": "down"}}}, {"from": [4, -0.5, 7], "to": [9, 0, 8], "rotation": {"angle": 0, "axis": "y", "origin": [8, 8, 8]}, "faces": {"north": {"uv": [4, 8, 9, 9], "rotation": 180, "texture": "#side", "cullface": "down"}, "east": {"uv": [8, 8, 9, 9], "rotation": 270, "texture": "#side", "cullface": "down"}, "south": {"uv": [4, 8, 9, 9], "texture": "#side", "cullface": "down"}, "west": {"uv": [4, 8, 5, 9], "rotation": 90, "texture": "#side", "cullface": "down"}, "down": {"uv": [4, 8, 9, 9], "texture": "#side", "cullface": "down"}}}, {"from": [5, -0.5, 8], "to": [8, 0, 9], "rotation": {"angle": 0, "axis": "y", "origin": [8, 8, 8]}, "faces": {"east": {"uv": [7, 7, 8, 8], "rotation": 270, "texture": "#side", "cullface": "down"}, "south": {"uv": [5, 7, 8, 8], "texture": "#side", "cullface": "down"}, "west": {"uv": [5, 7, 6, 8], "rotation": 90, "texture": "#side", "cullface": "down"}, "down": {"uv": [5, 7, 8, 8], "texture": "#side", "cullface": "down"}}}, {"from": [4, -0.5, 5], "to": [7, 0, 6], "rotation": {"angle": 0, "axis": "y", "origin": [8, 8, 8]}, "faces": {"north": {"uv": [4, 10, 7, 11], "rotation": 180, "texture": "#side", "cullface": "down"}, "east": {"uv": [6, 10, 7, 11], "rotation": 270, "texture": "#side", "cullface": "down"}, "west": {"uv": [4, 10, 5, 11], "rotation": 90, "texture": "#side", "cullface": "down"}, "down": {"uv": [4, 10, 7, 11], "texture": "#side", "cullface": "down"}}}, {"from": [8, -0.5, 5], "to": [10, 0, 6], "rotation": {"angle": 0, "axis": "y", "origin": [8, 8, 8]}, "faces": {"east": {"uv": [9, 10, 10, 11], "rotation": 270, "texture": "#side", "cullface": "down"}, "south": {"uv": [8, 10, 10, 11], "texture": "#side", "cullface": "down"}, "west": {"uv": [8, 10, 9, 11], "rotation": 90, "texture": "#side", "cullface": "down"}, "down": {"uv": [8, 10, 10, 11], "texture": "#side", "cullface": "down"}}}, {"from": [7, -0.5, 4], "to": [11, 0, 5], "rotation": {"angle": 0, "axis": "y", "origin": [8, 8, 8]}, "faces": {"east": {"uv": [10, 11, 11, 12], "rotation": 270, "texture": "#side", "cullface": "down"}, "south": {"uv": [7, 11, 11, 12], "texture": "#side", "cullface": "down"}, "west": {"uv": [7, 11, 8, 12], "rotation": 90, "texture": "#side", "cullface": "down"}, "down": {"uv": [7, 11, 11, 12], "texture": "#side", "cullface": "down"}}}, {"from": [6, -0.5, 2], "to": [12, 0, 3], "rotation": {"angle": 0, "axis": "y", "origin": [8, 8, 8]}, "faces": {"north": {"uv": [6, 13, 12, 14], "rotation": 180, "texture": "#side", "cullface": "down"}, "east": {"uv": [11, 13, 12, 14], "rotation": 270, "texture": "#side", "cullface": "down"}, "south": {"uv": [6, 13, 12, 14], "texture": "#side", "cullface": "down"}, "west": {"uv": [6, 13, 7, 14], "rotation": 90, "texture": "#side", "cullface": "down"}, "down": {"uv": [6, 13, 12, 14], "texture": "#side", "cullface": "down"}}}, {"from": [7, -0.5, 1], "to": [9, 0, 2], "rotation": {"angle": 0, "axis": "y", "origin": [8, 8, 8]}, "faces": {"north": {"uv": [7, 14, 9, 15], "rotation": 180, "texture": "#side", "cullface": "down"}, "east": {"uv": [8, 14, 9, 15], "rotation": 270, "texture": "#side", "cullface": "down"}, "west": {"uv": [7, 14, 8, 15], "rotation": 90, "texture": "#side", "cullface": "down"}, "down": {"uv": [7, 14, 9, 15], "texture": "#side", "cullface": "down"}}}, {"from": [7, -0.5, 3], "to": [13, 0, 4], "rotation": {"angle": 0, "axis": "y", "origin": [8, 8, 8]}, "faces": {"north": {"uv": [7, 12, 13, 13], "rotation": 180, "texture": "#side", "cullface": "down"}, "east": {"uv": [12, 12, 13, 13], "rotation": 270, "texture": "#side", "cullface": "down"}, "south": {"uv": [7, 12, 13, 13], "texture": "#side", "cullface": "down"}, "west": {"uv": [7, 12, 8, 13], "rotation": 90, "texture": "#side", "cullface": "down"}, "down": {"uv": [7, 12, 13, 13], "texture": "#side", "cullface": "down"}}}, {"from": [14, -0.5, 1], "to": [16, 0, 4], "rotation": {"angle": 0, "axis": "y", "origin": [8, 8, 8]}, "faces": {"north": {"uv": [14, 14, 16, 15], "rotation": 180, "texture": "#side", "cullface": "down"}, "east": {"uv": [15, 12, 16, 15], "rotation": 270, "texture": "#side", "cullface": "down"}, "south": {"uv": [14, 12, 16, 13], "texture": "#side", "cullface": "down"}, "west": {"uv": [14, 12, 15, 15], "rotation": 90, "texture": "#side", "cullface": "down"}, "down": {"uv": [14, 12, 16, 15], "texture": "#side", "cullface": "down"}}}, {"from": [13, -0.5, 4], "to": [14, 0, 5], "rotation": {"angle": 0, "axis": "y", "origin": [8, 8, 8]}, "faces": {"north": {"uv": [13, 11, 14, 12], "rotation": 180, "texture": "#side", "cullface": "down"}, "east": {"uv": [13, 11, 14, 12], "rotation": 270, "texture": "#side", "cullface": "down"}, "west": {"uv": [13, 11, 14, 12], "rotation": 90, "texture": "#side", "cullface": "down"}, "down": {"uv": [13, 11, 14, 12], "texture": "#side", "cullface": "down"}}}, {"from": [15, -0.5, 9], "to": [16, 0, 13], "rotation": {"angle": 0, "axis": "y", "origin": [8, 8, 8]}, "faces": {"north": {"uv": [15, 6, 16, 7], "rotation": 180, "texture": "#side", "cullface": "down"}, "east": {"uv": [15, 3, 16, 7], "rotation": 270, "texture": "#side", "cullface": "down"}, "south": {"uv": [15, 3, 16, 4], "texture": "#side", "cullface": "down"}, "west": {"uv": [15, 3, 16, 7], "rotation": 90, "texture": "#side", "cullface": "down"}, "down": {"uv": [15, 3, 16, 7], "texture": "#side", "cullface": "down"}}}, {"from": [14, -0.5, 10], "to": [15, 0, 12], "rotation": {"angle": 0, "axis": "y", "origin": [8, 8, 8]}, "faces": {"north": {"uv": [14, 5, 15, 6], "rotation": 180, "texture": "#side", "cullface": "down"}, "south": {"uv": [14, 4, 15, 5], "texture": "#side", "cullface": "down"}, "west": {"uv": [14, 4, 15, 6], "rotation": 90, "texture": "#side", "cullface": "down"}, "down": {"uv": [14, 4, 15, 6], "texture": "#side", "cullface": "down"}}}, {"from": [11, -0.5, 5], "to": [15, 0, 9], "rotation": {"angle": 0, "axis": "y", "origin": [8, 8, 8]}, "faces": {"north": {"uv": [11, 10, 15, 11], "rotation": 180, "texture": "#side", "cullface": "down"}, "east": {"uv": [14, 7, 15, 11], "rotation": 270, "texture": "#side", "cullface": "down"}, "south": {"uv": [11, 7, 15, 8], "texture": "#side", "cullface": "down"}, "west": {"uv": [11, 7, 12, 11], "rotation": 90, "texture": "#side", "cullface": "down"}, "down": {"uv": [11, 7, 15, 11], "texture": "#side", "cullface": "down"}}}, {"from": [1, -0.5, 13], "to": [3, 0, 16], "rotation": {"angle": 0, "axis": "y", "origin": [8, 8, 8]}, "faces": {"north": {"uv": [1, 2, 3, 3], "rotation": 180, "texture": "#bottom", "cullface": "down"}, "east": {"uv": [2, 0, 3, 3], "rotation": 270, "texture": "#bottom", "cullface": "down"}, "south": {"uv": [1, 0, 3, 1], "texture": "#bottom", "cullface": "down"}, "west": {"uv": [1, 0, 2, 3], "rotation": 90, "texture": "#bottom", "cullface": "down"}, "down": {"uv": [1, 0, 3, 3], "texture": "#bottom", "cullface": "down"}}}, {"from": [13, -0.5, 13], "to": [15, 0, 16], "rotation": {"angle": 0, "axis": "y", "origin": [8, 8, 8]}, "faces": {"north": {"uv": [13, 2, 15, 3], "rotation": 180, "texture": "#bottom", "cullface": "down"}, "east": {"uv": [14, 0, 15, 3], "rotation": 270, "texture": "#bottom", "cullface": "down"}, "south": {"uv": [13, 0, 15, 1], "texture": "#bottom", "cullface": "down"}, "west": {"uv": [13, 0, 14, 3], "rotation": 90, "texture": "#bottom", "cullface": "down"}, "down": {"uv": [13, 0, 15, 3], "texture": "#bottom", "cullface": "down"}}}, {"from": [8, -0.5, 14], "to": [11, 0, 15], "rotation": {"angle": 0, "axis": "y", "origin": [8, 8, 8]}, "faces": {"north": {"uv": [8, 1, 11, 2], "rotation": 180, "texture": "#bottom", "cullface": "down"}, "east": {"uv": [10, 1, 11, 2], "rotation": 270, "texture": "#bottom", "cullface": "down"}, "west": {"uv": [8, 1, 9, 2], "rotation": 90, "texture": "#bottom", "cullface": "down"}, "down": {"uv": [8, 1, 11, 2], "texture": "#bottom", "cullface": "down"}}}, {"from": [5, -0.5, 15], "to": [12, 0, 16], "rotation": {"angle": 0, "axis": "y", "origin": [8, 8, 8]}, "faces": {"north": {"uv": [5, 0, 12, 1], "rotation": 180, "texture": "#bottom", "cullface": "down"}, "east": {"uv": [11, 0, 12, 1], "rotation": 270, "texture": "#bottom", "cullface": "down"}, "south": {"uv": [5, 0, 12, 1], "texture": "#bottom", "cullface": "down"}, "west": {"uv": [5, 0, 6, 1], "rotation": 90, "texture": "#bottom", "cullface": "down"}, "down": {"uv": [5, 0, 12, 1], "texture": "#bottom", "cullface": "down"}}}, {"from": [4, -0.5, 13], "to": [7, 0, 14], "rotation": {"angle": 0, "axis": "y", "origin": [8, 8, 8]}, "faces": {"east": {"uv": [6, 2, 7, 3], "rotation": 270, "texture": "#bottom", "cullface": "down"}, "south": {"uv": [4, 2, 7, 3], "texture": "#bottom", "cullface": "down"}, "west": {"uv": [4, 2, 5, 3], "rotation": 90, "texture": "#bottom", "cullface": "down"}, "down": {"uv": [4, 2, 7, 3], "texture": "#bottom", "cullface": "down"}}}, {"from": [3, -0.5, 14], "to": [4, 0, 16], "rotation": {"angle": 0, "axis": "y", "origin": [8, 8, 8]}, "faces": {"north": {"uv": [3, 1, 4, 2], "rotation": 180, "texture": "#bottom", "cullface": "down"}, "east": {"uv": [3, 0, 4, 2], "rotation": 270, "texture": "#bottom", "cullface": "down"}, "south": {"uv": [3, 0, 4, 1], "texture": "#bottom", "cullface": "down"}, "down": {"uv": [3, 0, 4, 2], "texture": "#bottom", "cullface": "down"}}}, {"from": [12, -0.5, 13], "to": [13, 0, 14], "rotation": {"angle": 0, "axis": "y", "origin": [8, 8, 8]}, "faces": {"north": {"uv": [12, 2, 13, 3], "rotation": 180, "texture": "#bottom", "cullface": "down"}, "south": {"uv": [12, 2, 13, 3], "texture": "#bottom", "cullface": "down"}, "west": {"uv": [12, 2, 13, 3], "rotation": 90, "texture": "#bottom", "cullface": "down"}, "down": {"uv": [12, 2, 13, 3], "texture": "#bottom", "cullface": "down"}}}, {"from": [15, -0.5, 15], "to": [16, 0, 16], "rotation": {"angle": 0, "axis": "y", "origin": [8, 8, 8]}, "faces": {"north": {"uv": [15, 0, 16, 1], "rotation": 180, "texture": "#bottom", "cullface": "down"}, "east": {"uv": [15, 0, 16, 1], "rotation": 270, "texture": "#bottom", "cullface": "down"}, "south": {"uv": [15, 0, 16, 1], "texture": "#bottom", "cullface": "down"}, "down": {"uv": [15, 0, 16, 1], "texture": "#bottom", "cullface": "down"}}}, {"from": [0, 0, 0], "to": [16, 8, 16], "rotation": {"angle": 0, "axis": "y", "origin": [8, 8, 8]}, "faces": {"north": {"uv": [0, 8, 16, 16], "texture": "#side", "cullface": "north"}, "east": {"uv": [0, 8, 16, 16], "texture": "#side", "cullface": "east"}, "south": {"uv": [0, 8, 16, 16], "texture": "#side", "cullface": "south"}, "west": {"uv": [0, 8, 16, 16], "texture": "#side", "cullface": "west"}, "up": {"uv": [0, 0, 16, 16], "texture": "#top", "cullface": "up"}, "down": {"uv": [0, 0, 16, 16], "texture": "#bottom", "cullface": "down"}}}, {"from": [0, 8, 0], "to": [8, 16, 8], "rotation": {"angle": 0, "axis": "y", "origin": [8, 8, 8]}, "faces": {"north": {"uv": [8, 0, 16, 8], "texture": "#side", "cullface": "north"}, "east": {"uv": [8, 0, 16, 8], "texture": "#side", "cullface": "east"}, "south": {"uv": [0, 0, 8, 8], "texture": "#side", "cullface": "south"}, "west": {"uv": [0, 0, 8, 8], "texture": "#side", "cullface": "west"}, "up": {"uv": [0, 0, 8, 8], "texture": "#top", "cullface": "up"}}}], "display": {"thirdperson_righthand": {"rotation": [75, 45, 0], "translation": [0, 2.5, 0], "scale": [0.375, 0.375, 0.375]}, "thirdperson_lefthand": {"rotation": [75, 45, 0], "translation": [0, 2.5, 0], "scale": [0.375, 0.375, 0.375]}, "firstperson_righthand": {"rotation": [0, 45, 0], "scale": [0.4, 0.4, 0.4]}, "firstperson_lefthand": {"rotation": [0, 225, 0], "scale": [0.4, 0.4, 0.4]}, "ground": {"translation": [0, 3, 0], "scale": [0.25, 0.25, 0.25]}, "gui": {"rotation": [30, 225, 0], "scale": [0.625, 0.625, 0.625]}, "fixed": {"scale": [0.5, 0.5, 0.5]}}, "groups": [{"name": "other south", "origin": [0, 0, 0], "color": 0, "children": [0, 1, 2, 3, 4, 5, 6, 7, 8]}, {"name": "south", "origin": [8, 8, 8], "color": 0, "children": [9, 10, 11, 12, 13, 14, 15, 16, 17, 18, 19, 20, 21, 22, 23, 24, 25, 26, 27, 28, 29, 30, 31, 32]}, {"name": "west", "origin": [8, 8, 8], "color": 0, "children": [33, 34, 35, 36, 37, 38, 39, 40, 41, 42, 43, 44, 45, 46, 47, 48, 49, 50, 51, 52, 53, 54, 55, 56, 57, 58, 59, 60, 61, 62, 63, 64, 65]}, {"name": "north", "origin": [8, 8, 8], "color": 0, "children": [66, 67, 68, 69, 70, 71, 72, 73, 74, 75, 76, 77, 78, 79, 80, 81, 82, 83, 84, 85, 86, 87, 88, 89, 90, 91, 92, 93, 94, 95, 96]}, {"name": "other east", "origin": [0, 0, 0], "color": 0, "children": [97, 98, 99, 100, 101, 102, 103, 104]}, {"name": "east", "origin": [8, 8, 8], "color": 0, "children": [105, 106, 107, 108, 109, 110, 111, 112, 113, 114, 115, 116, 117, 118, 119, 120, 121, 122, 123, 124, 125, 126, 127, 128]}, {"name": "down", "origin": [8, 8, 8], "color": 0, "children": [129, 130, 131, 132, 133, 134, 135, 136, 137, 138, 139, 140, 141, 142, 143, 144, 145, 146, 147, 148, 149, 150, 151, 152, 153, 154, 155, 156, 157, 158, 159, 160, 161, 162, 163, 164, 165, 166, 167, 168, 169, 170, 171, 172, 173, 174]}, 175, 176]}