{"ambientocclusion": false, "textures": {"particle": "#front"}, "elements": [{"name": "Cube", "from": [12, 8.5, -2], "to": [14, 9.5, 14], "rotation": {"angle": -45, "axis": "x", "origin": [8, 8, 8]}, "faces": {"north": {"uv": [2, 0, 4, 1], "texture": "#front"}, "east": {"uv": [3, 16, 2, 0], "rotation": 90, "texture": "#front"}, "south": {"uv": [0, 0, 0, 0], "texture": "#front"}, "west": {"uv": [4, 0, 3, 16], "rotation": 90, "texture": "#front"}, "up": {"uv": [2, 0, 4, 16], "rotation": 180, "texture": "#front"}, "down": {"uv": [4, 16, 2, 0], "texture": "#front"}}}, {"name": "Cube", "from": [2, 8.5, -2], "to": [4, 9.5, 14], "rotation": {"angle": -45, "axis": "x", "origin": [8, 8, 8]}, "faces": {"north": {"uv": [12, 15, 14, 16], "texture": "#front"}, "east": {"uv": [13, 16, 12, 0], "rotation": 90, "texture": "#front"}, "south": {"uv": [0, 0, 0, 0], "texture": "#front"}, "west": {"uv": [13, 16, 14, 0], "rotation": 270, "texture": "#front"}, "up": {"uv": [12, 0, 14, 16], "rotation": 180, "texture": "#front"}, "down": {"uv": [14, 16, 12, 0], "texture": "#front"}}}, {"name": "Cube", "from": [11.99, 8.5, 14], "to": [13.99, 9.5, 21], "rotation": {"angle": -45, "axis": "x", "origin": [8, 8, 8]}, "faces": {"north": {"uv": [0, 0, 0, 0], "texture": "#front"}, "east": {"uv": [3, 7, 2, 0], "rotation": 90, "texture": "#front"}, "south": {"uv": [4, 0, 2, 1], "texture": "#front"}, "west": {"uv": [4, 0, 3, 7], "rotation": 90, "texture": "#front"}, "up": {"uv": [2, 0, 4, 7], "rotation": 180, "texture": "#front"}, "down": {"uv": [4, 7, 2, 0], "texture": "#front"}}}, {"name": "Cube", "from": [2.01, 8.5, 14], "to": [4.01, 9.5, 21], "rotation": {"angle": -45, "axis": "x", "origin": [8, 8, 8]}, "faces": {"north": {"uv": [0, 0, 0, 0], "texture": "#front"}, "east": {"uv": [13, 7, 12, 0], "rotation": 90, "texture": "#front"}, "south": {"uv": [12, 0, 14, 1], "rotation": 180, "texture": "#front"}, "west": {"uv": [14, 0, 13, 7], "rotation": 90, "texture": "#front"}, "up": {"uv": [12, 0, 14, 7], "rotation": 180, "texture": "#front"}, "down": {"uv": [14, 7, 12, 0], "texture": "#front"}}}, {"name": "Cube", "from": [1, 7.5, 18], "to": [15, 8.5, 20], "rotation": {"angle": -45, "axis": "x", "origin": [8, 8, 8]}, "faces": {"north": {"uv": [15, 6, 1, 7], "rotation": 180, "texture": "#back"}, "east": {"uv": [1, 7, 2, 5], "rotation": 90, "texture": "#back"}, "south": {"uv": [1, 5, 15, 6], "rotation": 180, "texture": "#back"}, "west": {"uv": [14, 5, 15, 7], "rotation": 90, "texture": "#back"}, "up": {"uv": [1, 5, 15, 7], "rotation": 180, "texture": "#back"}, "down": {"uv": [15, 5, 1, 7], "texture": "#back"}}}, {"name": "Cube", "from": [1, 7.5, 14], "to": [15, 8.5, 16], "rotation": {"angle": -45, "axis": "x", "origin": [8, 8, 8]}, "faces": {"north": {"uv": [15, 10, 1, 11], "rotation": 180, "texture": "#back"}, "east": {"uv": [1, 11, 2, 9], "rotation": 90, "texture": "#back"}, "south": {"uv": [1, 9, 15, 10], "rotation": 180, "texture": "#back"}, "west": {"uv": [14, 9, 15, 11], "rotation": 90, "texture": "#back"}, "up": {"uv": [1, 9, 15, 11], "rotation": 180, "texture": "#back"}, "down": {"uv": [15, 9, 1, 11], "texture": "#back"}}}, {"name": "Cube", "from": [1, 7.5, 10], "to": [15, 8.5, 12], "rotation": {"angle": -45, "axis": "x", "origin": [8, 8, 8]}, "faces": {"north": {"uv": [15, 2, 1, 3], "rotation": 180, "texture": "#back"}, "east": {"uv": [1, 3, 2, 1], "rotation": 90, "texture": "#back"}, "south": {"uv": [1, 1, 15, 2], "rotation": 180, "texture": "#back"}, "west": {"uv": [14, 1, 15, 3], "rotation": 90, "texture": "#back"}, "up": {"uv": [1, 1, 15, 3], "rotation": 180, "texture": "#back"}, "down": {"uv": [15, 1, 1, 3], "texture": "#back"}}}, {"name": "Cube", "from": [1, 7.5, 6], "to": [15, 8.5, 8], "rotation": {"angle": -45, "axis": "x", "origin": [8, 8, 8]}, "faces": {"north": {"uv": [15, 6, 1, 7], "rotation": 180, "texture": "#back"}, "east": {"uv": [1, 7, 2, 5], "rotation": 90, "texture": "#back"}, "south": {"uv": [1, 5, 15, 6], "rotation": 180, "texture": "#back"}, "west": {"uv": [14, 5, 15, 7], "rotation": 90, "texture": "#back"}, "up": {"uv": [1, 5, 15, 7], "rotation": 180, "texture": "#back"}, "down": {"uv": [15, 5, 1, 7], "texture": "#back"}}}, {"name": "Cube", "from": [1, 7.5, 2], "to": [15, 8.5, 4], "rotation": {"angle": -45, "axis": "x", "origin": [8, 8, 8]}, "faces": {"north": {"uv": [15, 10, 1, 11], "rotation": 180, "texture": "#back"}, "east": {"uv": [1, 11, 2, 9], "rotation": 90, "texture": "#back"}, "south": {"uv": [1, 9, 15, 10], "rotation": 180, "texture": "#back"}, "west": {"uv": [14, 9, 15, 11], "rotation": 90, "texture": "#back"}, "up": {"uv": [1, 9, 15, 11], "rotation": 180, "texture": "#back"}, "down": {"uv": [15, 9, 1, 11], "texture": "#back"}}}, {"name": "Cube", "from": [1, 7.5, -2], "to": [15, 8.5, 0], "rotation": {"angle": -45, "axis": "x", "origin": [8, 8, 8]}, "faces": {"north": {"uv": [15, 14, 1, 15], "rotation": 180, "texture": "#back"}, "east": {"uv": [1, 15, 2, 13], "rotation": 90, "texture": "#back"}, "south": {"uv": [1, 13, 15, 14], "rotation": 180, "texture": "#back"}, "west": {"uv": [14, 13, 15, 15], "rotation": 90, "texture": "#back"}, "up": {"uv": [1, 13, 15, 15], "rotation": 180, "texture": "#back"}, "down": {"uv": [15, 13, 1, 15], "texture": "#back"}}}]}