{"parent": "block/block", "textures": {"particle": "#all"}, "elements": [{"from": [-0.5, 0, 11], "to": [0, 1, 16], "rotation": {"angle": 0, "axis": "y", "origin": [8, 8, 8]}, "faces": {"north": {"uv": [11, 15, 12, 16], "texture": "#all", "cullface": "west"}, "south": {"uv": [15, 15, 16, 16], "texture": "#all", "cullface": "west"}, "west": {"uv": [11, 15, 16, 16], "texture": "#all", "cullface": "west"}, "up": {"uv": [11, 15, 16, 16], "rotation": 90, "texture": "#all", "cullface": "west"}, "down": {"uv": [11, 15, 16, 16], "rotation": 270, "texture": "#all", "cullface": "west"}}}, {"from": [-0.5, 1, 12], "to": [0, 2, 14], "rotation": {"angle": 0, "axis": "y", "origin": [8, 8, 8]}, "faces": {"north": {"uv": [11, 15, 12, 16], "texture": "#all", "cullface": "west"}, "south": {"uv": [13, 14, 14, 15], "texture": "#all", "cullface": "west"}, "west": {"uv": [12, 14, 14, 15], "texture": "#all", "cullface": "west"}, "up": {"uv": [12, 14, 14, 15], "rotation": 90, "texture": "#all", "cullface": "west"}}}, {"from": [-0.5, 2, 14], "to": [0, 3, 16], "rotation": {"angle": 0, "axis": "y", "origin": [8, 8, 8]}, "faces": {"north": {"uv": [14, 13, 15, 14], "texture": "#all", "cullface": "west"}, "south": {"uv": [15, 13, 16, 14], "texture": "#all", "cullface": "west"}, "west": {"uv": [14, 13, 16, 14], "texture": "#all", "cullface": "west"}, "down": {"uv": [14, 13, 16, 14], "rotation": 270, "texture": "#all", "cullface": "west"}}}, {"from": [-0.5, 3, 12], "to": [0, 5, 16], "rotation": {"angle": 0, "axis": "y", "origin": [8, 8, 8]}, "faces": {"north": {"uv": [12, 11, 13, 13], "texture": "#all", "cullface": "west"}, "south": {"uv": [15, 11, 16, 13], "texture": "#all", "cullface": "west"}, "west": {"uv": [12, 11, 16, 13], "texture": "#all", "cullface": "west"}, "up": {"uv": [12, 11, 16, 12], "rotation": 90, "texture": "#all", "cullface": "west"}, "down": {"uv": [12, 12, 16, 13], "rotation": 270, "texture": "#all", "cullface": "west"}}}, {"from": [-0.5, 5, 13], "to": [0, 6, 16], "rotation": {"angle": 0, "axis": "y", "origin": [8, 8, 8]}, "faces": {"north": {"uv": [13, 10, 14, 11], "texture": "#all", "cullface": "west"}, "south": {"uv": [15, 10, 16, 11], "texture": "#all", "cullface": "west"}, "west": {"uv": [13, 10, 16, 11], "texture": "#all", "cullface": "west"}, "up": {"uv": [13, 10, 16, 11], "rotation": 90, "texture": "#all", "cullface": "west"}}}, {"from": [-0.5, 6, 13], "to": [0, 7, 15], "rotation": {"angle": 0, "axis": "y", "origin": [8, 8, 8]}, "faces": {"north": {"uv": [13, 9, 14, 10], "texture": "#all", "cullface": "west"}, "south": {"uv": [14, 9, 15, 10], "texture": "#all", "cullface": "west"}, "west": {"uv": [13, 9, 15, 10], "texture": "#all", "cullface": "west"}, "up": {"uv": [13, 9, 15, 10], "rotation": 90, "texture": "#all", "cullface": "west"}}}, {"from": [-0.5, 8, 15], "to": [0, 11, 16], "rotation": {"angle": 0, "axis": "y", "origin": [8, 8, 8]}, "faces": {"north": {"uv": [15, 5, 16, 8], "texture": "#all", "cullface": "west"}, "south": {"uv": [15, 5, 16, 8], "texture": "#all", "cullface": "west"}, "west": {"uv": [15, 5, 16, 8], "texture": "#all", "cullface": "west"}, "up": {"uv": [15, 5, 16, 6], "rotation": 90, "texture": "#all", "cullface": "west"}, "down": {"uv": [15, 7, 16, 8], "rotation": 270, "texture": "#all", "cullface": "west"}}}, {"from": [-0.5, 8, 13], "to": [0, 9, 14], "rotation": {"angle": 0, "axis": "y", "origin": [8, 8, 8]}, "faces": {"north": {"uv": [13, 7, 14, 8], "texture": "#all", "cullface": "west"}, "south": {"uv": [13, 7, 14, 8], "texture": "#all", "cullface": "west"}, "west": {"uv": [13, 7, 14, 8], "texture": "#all", "cullface": "west"}, "down": {"uv": [13, 7, 14, 8], "rotation": 270, "texture": "#all", "cullface": "west"}}}, {"from": [-0.5, 9, 11], "to": [0, 10, 14], "rotation": {"angle": 0, "axis": "y", "origin": [8, 8, 8]}, "faces": {"north": {"uv": [11, 6, 12, 7], "texture": "#all", "cullface": "west"}, "south": {"uv": [13, 6, 14, 7], "texture": "#all", "cullface": "west"}, "west": {"uv": [11, 6, 14, 7], "texture": "#all", "cullface": "west"}, "down": {"uv": [11, 6, 14, 7], "rotation": 270, "texture": "#all", "cullface": "west"}}}, {"from": [-0.5, 10, 9], "to": [0, 11, 14], "rotation": {"angle": 0, "axis": "y", "origin": [8, 8, 8]}, "faces": {"north": {"uv": [9, 5, 10, 6], "texture": "#all", "cullface": "west"}, "south": {"uv": [13, 5, 14, 6], "texture": "#all", "cullface": "west"}, "west": {"uv": [9, 5, 14, 6], "texture": "#all", "cullface": "west"}, "up": {"uv": [9, 5, 14, 6], "rotation": 90, "texture": "#all", "cullface": "west"}, "down": {"uv": [9, 5, 14, 6], "rotation": 270, "texture": "#all", "cullface": "west"}}}, {"from": [-0.5, 11, 10], "to": [0, 12, 15], "rotation": {"angle": 0, "axis": "y", "origin": [8, 8, 8]}, "faces": {"north": {"uv": [10, 4, 11, 5], "texture": "#all", "cullface": "west"}, "south": {"uv": [14, 4, 15, 5], "texture": "#all", "cullface": "west"}, "west": {"uv": [10, 4, 15, 5], "texture": "#all", "cullface": "west"}, "up": {"uv": [10, 4, 15, 5], "rotation": 90, "texture": "#all", "cullface": "west"}, "down": {"uv": [10, 4, 15, 5], "rotation": 270, "texture": "#all", "cullface": "west"}}}, {"from": [-0.5, 12, 11], "to": [0, 13, 14], "rotation": {"angle": 0, "axis": "y", "origin": [8, 8, 8]}, "faces": {"north": {"uv": [11, 3, 12, 4], "texture": "#all", "cullface": "west"}, "south": {"uv": [13, 3, 14, 4], "texture": "#all", "cullface": "west"}, "west": {"uv": [11, 3, 14, 4], "texture": "#all", "cullface": "west"}, "up": {"uv": [11, 3, 14, 4], "rotation": 90, "texture": "#all", "cullface": "west"}}}, {"from": [-0.5, 13, 14], "to": [0, 14, 16], "rotation": {"angle": 0, "axis": "y", "origin": [8, 8, 8]}, "faces": {"north": {"uv": [14, 2, 15, 3], "texture": "#all", "cullface": "west"}, "south": {"uv": [15, 2, 16, 3], "texture": "#all", "cullface": "west"}, "west": {"uv": [14, 2, 16, 3], "texture": "#all", "cullface": "west"}, "down": {"uv": [14, 2, 16, 3], "rotation": 270, "texture": "#all", "cullface": "west"}}}, {"from": [-0.5, 14, 13], "to": [0, 15, 16], "rotation": {"angle": 0, "axis": "y", "origin": [8, 8, 8]}, "faces": {"north": {"uv": [13, 1, 14, 2], "texture": "#all", "cullface": "west"}, "south": {"uv": [15, 1, 16, 2], "texture": "#all", "cullface": "west"}, "west": {"uv": [13, 1, 16, 2], "texture": "#all", "cullface": "west"}, "down": {"uv": [13, 1, 16, 2], "rotation": 270, "texture": "#all", "cullface": "west"}}}, {"from": [-0.5, 15, 12], "to": [0, 16, 16], "rotation": {"angle": 0, "axis": "y", "origin": [8, 8, 8]}, "faces": {"north": {"uv": [12, 0, 13, 1], "texture": "#all", "cullface": "west"}, "south": {"uv": [15, 0, 16, 1], "texture": "#all", "cullface": "west"}, "west": {"uv": [12, 0, 16, 1], "texture": "#all", "cullface": "west"}, "up": {"uv": [12, 0, 16, 1], "rotation": 90, "texture": "#all", "cullface": "west"}, "down": {"uv": [12, 0, 16, 1], "rotation": 270, "texture": "#all", "cullface": "west"}}}, {"from": [-0.5, 15, 7], "to": [0, 16, 11], "rotation": {"angle": 0, "axis": "y", "origin": [8, 8, 8]}, "faces": {"north": {"uv": [7, 0, 8, 1], "texture": "#all", "cullface": "west"}, "south": {"uv": [10, 0, 11, 1], "texture": "#all", "cullface": "west"}, "west": {"uv": [7, 0, 11, 1], "texture": "#all", "cullface": "west"}, "up": {"uv": [7, 0, 11, 1], "rotation": 90, "texture": "#all", "cullface": "west"}}}, {"from": [-0.5, 14, 6], "to": [0, 15, 11], "rotation": {"angle": 0, "axis": "y", "origin": [8, 8, 8]}, "faces": {"north": {"uv": [6, 1, 7, 2], "texture": "#all", "cullface": "west"}, "south": {"uv": [10, 1, 11, 2], "texture": "#all", "cullface": "west"}, "west": {"uv": [6, 1, 11, 2], "texture": "#all", "cullface": "west"}, "up": {"uv": [6, 1, 11, 2], "rotation": 90, "texture": "#all", "cullface": "west"}, "down": {"uv": [6, 1, 11, 2], "rotation": 270, "texture": "#all", "cullface": "west"}}}, {"from": [-0.5, 13, 6], "to": [0, 14, 10], "rotation": {"angle": 0, "axis": "y", "origin": [8, 8, 8]}, "faces": {"north": {"uv": [6, 2, 7, 3], "texture": "#all", "cullface": "west"}, "south": {"uv": [9, 2, 10, 3], "texture": "#all", "cullface": "west"}, "west": {"uv": [6, 2, 10, 3], "texture": "#all", "cullface": "west"}, "down": {"uv": [6, 2, 10, 3], "rotation": 270, "texture": "#all", "cullface": "west"}}}, {"from": [-0.5, 12, 6], "to": [0, 13, 9], "rotation": {"angle": 0, "axis": "y", "origin": [8, 8, 8]}, "faces": {"north": {"uv": [6, 3, 7, 4], "texture": "#all", "cullface": "west"}, "south": {"uv": [8, 3, 9, 4], "texture": "#all", "cullface": "west"}, "west": {"uv": [6, 3, 9, 4], "texture": "#all", "cullface": "west"}, "down": {"uv": [6, 3, 9, 4], "rotation": 270, "texture": "#all", "cullface": "west"}}}, {"from": [-0.5, 11, 7], "to": [0, 12, 8], "rotation": {"angle": 0, "axis": "y", "origin": [8, 8, 8]}, "faces": {"north": {"uv": [7, 4, 8, 5], "texture": "#all", "cullface": "west"}, "south": {"uv": [7, 4, 8, 5], "texture": "#all", "cullface": "west"}, "west": {"uv": [7, 4, 8, 5], "texture": "#all", "cullface": "west"}, "down": {"uv": [7, 4, 8, 5], "rotation": 270, "texture": "#all", "cullface": "west"}}}, {"from": [-0.5, 6, 8], "to": [0, 7, 10], "rotation": {"angle": 0, "axis": "y", "origin": [8, 8, 8]}, "faces": {"north": {"uv": [8, 9, 9, 10], "texture": "#all", "cullface": "west"}, "south": {"uv": [9, 9, 10, 10], "texture": "#all", "cullface": "west"}, "west": {"uv": [8, 9, 10, 10], "texture": "#all", "cullface": "west"}, "down": {"uv": [8, 9, 10, 10], "rotation": 270, "texture": "#all", "cullface": "west"}}}, {"from": [-0.5, 7, 8], "to": [0, 8, 12], "rotation": {"angle": 0, "axis": "y", "origin": [8, 8, 8]}, "faces": {"north": {"uv": [8, 8, 9, 9], "texture": "#all", "cullface": "west"}, "south": {"uv": [11, 8, 12, 9], "texture": "#all", "cullface": "west"}, "west": {"uv": [8, 8, 12, 9], "texture": "#all", "cullface": "west"}, "up": {"uv": [8, 8, 12, 9], "rotation": 90, "texture": "#all", "cullface": "west"}, "down": {"uv": [8, 8, 12, 9], "rotation": 270, "texture": "#all", "cullface": "west"}}}, {"from": [-0.5, 8, 8], "to": [0, 9, 11], "rotation": {"angle": 0, "axis": "y", "origin": [8, 8, 8]}, "faces": {"north": {"uv": [8, 7, 9, 8], "texture": "#all", "cullface": "west"}, "south": {"uv": [10, 7, 11, 8], "texture": "#all", "cullface": "west"}, "west": {"uv": [8, 7, 11, 8], "texture": "#all", "cullface": "west"}, "up": {"uv": [8, 7, 11, 8], "rotation": 90, "texture": "#all", "cullface": "west"}}}, {"from": [-0.5, 8, 4], "to": [0, 9, 7], "rotation": {"angle": 0, "axis": "y", "origin": [8, 8, 8]}, "faces": {"north": {"uv": [4, 7, 5, 8], "texture": "#all", "cullface": "west"}, "south": {"uv": [6, 7, 7, 8], "texture": "#all", "cullface": "west"}, "west": {"uv": [4, 7, 7, 8], "texture": "#all", "cullface": "west"}, "down": {"uv": [4, 7, 7, 8], "rotation": 270, "texture": "#all", "cullface": "west"}}}, {"from": [-0.5, 9, 3], "to": [0, 10, 7], "rotation": {"angle": 0, "axis": "y", "origin": [8, 8, 8]}, "faces": {"north": {"uv": [3, 6, 4, 7], "texture": "#all", "cullface": "west"}, "south": {"uv": [6, 6, 7, 7], "texture": "#all", "cullface": "west"}, "west": {"uv": [3, 6, 7, 7], "texture": "#all", "cullface": "west"}, "up": {"uv": [3, 6, 7, 7], "rotation": 90, "texture": "#all", "cullface": "west"}, "down": {"uv": [3, 6, 7, 7], "rotation": 270, "texture": "#all", "cullface": "west"}}}, {"from": [-0.5, 10, 2], "to": [0, 11, 6], "rotation": {"angle": 0, "axis": "y", "origin": [8, 8, 8]}, "faces": {"north": {"uv": [2, 5, 3, 6], "texture": "#all", "cullface": "west"}, "south": {"uv": [5, 5, 6, 6], "texture": "#all", "cullface": "west"}, "west": {"uv": [2, 5, 6, 6], "texture": "#all", "cullface": "west"}, "up": {"uv": [2, 5, 6, 6], "rotation": 90, "texture": "#all", "cullface": "west"}, "down": {"uv": [2, 5, 6, 6], "rotation": 270, "texture": "#all", "cullface": "west"}}}, {"from": [-0.5, 11, 4], "to": [0, 12, 6], "rotation": {"angle": 0, "axis": "y", "origin": [8, 8, 8]}, "faces": {"north": {"uv": [4, 4, 5, 5], "texture": "#all", "cullface": "west"}, "south": {"uv": [5, 4, 6, 5], "texture": "#all", "cullface": "west"}, "west": {"uv": [4, 4, 6, 5], "texture": "#all", "cullface": "west"}, "up": {"uv": [4, 4, 6, 5], "rotation": 90, "texture": "#all", "cullface": "west"}}}, {"from": [-0.5, 12, 2], "to": [0, 13, 3], "rotation": {"angle": 0, "axis": "y", "origin": [8, 8, 8]}, "faces": {"north": {"uv": [2, 3, 3, 4], "texture": "#all", "cullface": "west"}, "south": {"uv": [2, 3, 3, 4], "texture": "#all", "cullface": "west"}, "west": {"uv": [2, 3, 3, 4], "texture": "#all", "cullface": "west"}, "down": {"uv": [2, 3, 3, 4], "rotation": 270, "texture": "#all", "cullface": "west"}}}, {"from": [-0.5, 13, 1], "to": [0, 15, 5], "rotation": {"angle": 0, "axis": "y", "origin": [8, 8, 8]}, "faces": {"north": {"uv": [1, 1, 2, 3], "texture": "#all", "cullface": "west"}, "south": {"uv": [4, 1, 5, 3], "texture": "#all", "cullface": "west"}, "west": {"uv": [1, 1, 5, 3], "texture": "#all", "cullface": "west"}, "up": {"uv": [1, 1, 5, 2], "rotation": 90, "texture": "#all", "cullface": "west"}, "down": {"uv": [1, 2, 5, 3], "rotation": 270, "texture": "#all", "cullface": "west"}}}, {"from": [-0.5, 15, 2], "to": [0, 16, 4], "rotation": {"angle": 0, "axis": "y", "origin": [8, 8, 8]}, "faces": {"north": {"uv": [2, 0, 3, 1], "texture": "#all", "cullface": "west"}, "south": {"uv": [3, 0, 4, 1], "texture": "#all", "cullface": "west"}, "west": {"uv": [2, 0, 4, 1], "texture": "#all", "cullface": "west"}, "up": {"uv": [2, 0, 4, 1], "rotation": 90, "texture": "#all", "cullface": "west"}}}, {"from": [-0.5, 8, 0], "to": [0, 10, 2], "rotation": {"angle": 0, "axis": "y", "origin": [8, 8, 8]}, "faces": {"north": {"uv": [0, 6, 1, 8], "texture": "#all", "cullface": "west"}, "south": {"uv": [1, 6, 2, 8], "texture": "#all", "cullface": "west"}, "west": {"uv": [0, 6, 2, 8], "texture": "#all", "cullface": "west"}, "up": {"uv": [0, 6, 2, 7], "rotation": 90, "texture": "#all", "cullface": "west"}, "down": {"uv": [0, 7, 2, 8], "rotation": 270, "texture": "#all", "cullface": "west"}}}, {"from": [-0.5, 10, 0], "to": [0, 11, 1], "rotation": {"angle": 0, "axis": "y", "origin": [8, 8, 8]}, "faces": {"north": {"uv": [0, 5, 1, 6], "texture": "#all", "cullface": "west"}, "south": {"uv": [0, 5, 1, 6], "texture": "#all", "cullface": "west"}, "west": {"uv": [0, 5, 1, 6], "texture": "#all", "cullface": "west"}, "up": {"uv": [0, 5, 1, 6], "rotation": 90, "texture": "#all", "cullface": "west"}}}, {"from": [-0.5, 0, 8], "to": [0, 1, 9], "rotation": {"angle": 0, "axis": "y", "origin": [8, 8, 8]}, "faces": {"north": {"uv": [8, 15, 9, 16], "texture": "#all", "cullface": "west"}, "south": {"uv": [8, 15, 9, 16], "texture": "#all", "cullface": "west"}, "west": {"uv": [8, 15, 9, 16], "texture": "#all", "cullface": "west"}, "down": {"uv": [8, 15, 9, 16], "rotation": 270, "texture": "#all", "cullface": "west"}}}, {"from": [-0.5, 2, 10], "to": [0, 4, 11], "rotation": {"angle": 0, "axis": "y", "origin": [8, 8, 8]}, "faces": {"south": {"uv": [10, 12, 11, 14], "texture": "#all", "cullface": "west"}, "west": {"uv": [10, 12, 11, 14], "texture": "#all", "cullface": "west"}, "up": {"uv": [10, 12, 11, 13], "rotation": 90, "texture": "#all", "cullface": "west"}, "down": {"uv": [10, 13, 11, 14], "rotation": 270, "texture": "#all", "cullface": "west"}}}, {"from": [-0.5, 1, 8], "to": [0, 5, 10], "rotation": {"angle": 0, "axis": "y", "origin": [8, 8, 8]}, "faces": {"north": {"uv": [6, 11, 7, 12], "texture": "#all", "cullface": "west"}, "south": {"uv": [9, 11, 10, 12], "texture": "#all", "cullface": "west"}, "west": {"uv": [8, 11, 10, 15], "texture": "#all", "cullface": "west"}, "up": {"uv": [8, 11, 10, 12], "rotation": 90, "texture": "#all", "cullface": "west"}, "down": {"uv": [8, 14, 10, 15], "rotation": 270, "texture": "#all", "cullface": "west"}}}, {"from": [4, 7, 7.5], "to": [8, 8, 8], "rotation": {"angle": 0, "axis": "y", "origin": [8, 8, 8]}, "faces": {"north": {"uv": [8, 8, 12, 9], "texture": "#all"}, "east": {"uv": [8, 8, 9, 9], "texture": "#all"}, "west": {"uv": [11, 8, 12, 9], "texture": "#all"}, "down": {"uv": [8, 8, 12, 9], "rotation": 180, "texture": "#all"}}}, {"from": [6, 6, 7.5], "to": [8, 7, 8], "rotation": {"angle": 0, "axis": "y", "origin": [8, 8, 8]}, "faces": {"north": {"uv": [8, 9, 10, 10], "texture": "#all"}, "east": {"uv": [8, 9, 9, 10], "texture": "#all"}, "west": {"uv": [9, 9, 10, 10], "texture": "#all"}, "down": {"uv": [8, 9, 10, 10], "rotation": 90, "texture": "#all"}}}, {"from": [5, 2, 7.5], "to": [6, 4, 8], "rotation": {"angle": 0, "axis": "y", "origin": [8, 8, 8]}, "faces": {"north": {"uv": [10, 12, 11, 14], "texture": "#all"}, "west": {"uv": [10, 12, 11, 14], "texture": "#all"}, "up": {"uv": [10, 12, 11, 13], "rotation": 180, "texture": "#all"}, "down": {"uv": [10, 13, 11, 14], "rotation": 180, "texture": "#all"}}}, {"from": [6, 1, 7.5], "to": [8, 5, 8], "rotation": {"angle": 0, "axis": "y", "origin": [8, 8, 8]}, "faces": {"north": {"uv": [8, 11, 10, 15], "texture": "#all"}, "east": {"uv": [8, 11, 9, 15], "texture": "#all"}, "west": {"uv": [9, 11, 10, 15], "texture": "#all"}, "up": {"uv": [8, 11, 10, 12], "rotation": 180, "texture": "#all"}, "down": {"uv": [8, 14, 10, 15], "rotation": 180, "texture": "#all"}}}, {"from": [7, 0, 7.5], "to": [8, 1, 8], "rotation": {"angle": 0, "axis": "y", "origin": [8, 8, 8]}, "faces": {"north": {"uv": [8, 15, 9, 16], "texture": "#all"}, "east": {"uv": [8, 15, 9, 16], "texture": "#all"}, "west": {"uv": [8, 15, 9, 16], "texture": "#all"}, "down": {"uv": [8, 15, 9, 16], "rotation": 180, "texture": "#all"}}}, {"from": [0, 0, 7.5], "to": [5, 1, 8], "rotation": {"angle": 0, "axis": "y", "origin": [8, 8, 8]}, "faces": {"north": {"uv": [11, 15, 16, 16], "texture": "#all"}, "east": {"uv": [11, 15, 12, 16], "texture": "#all"}, "west": {"uv": [15, 15, 16, 16], "texture": "#all"}, "up": {"uv": [11, 15, 16, 16], "rotation": 180, "texture": "#all"}, "down": {"uv": [11, 15, 16, 16], "rotation": 180, "texture": "#all"}}}, {"from": [2, 1, 7.5], "to": [4, 2, 8], "rotation": {"angle": 0, "axis": "y", "origin": [8, 8, 8]}, "faces": {"north": {"uv": [12, 14, 14, 15], "texture": "#all"}, "east": {"uv": [11, 15, 12, 16], "texture": "#all"}, "west": {"uv": [13, 14, 14, 15], "texture": "#all"}, "up": {"uv": [12, 14, 14, 15], "rotation": 180, "texture": "#all"}}}, {"from": [0, 2, 7.5], "to": [2, 3, 8], "rotation": {"angle": 0, "axis": "y", "origin": [8, 8, 8]}, "faces": {"north": {"uv": [14, 13, 16, 14], "texture": "#all"}, "east": {"uv": [14, 13, 15, 14], "texture": "#all"}, "west": {"uv": [15, 13, 16, 14], "texture": "#all"}, "down": {"uv": [14, 13, 16, 14], "rotation": 180, "texture": "#all"}}}, {"from": [0, 3, 7.5], "to": [4, 5, 8], "rotation": {"angle": 0, "axis": "y", "origin": [8, 8, 8]}, "faces": {"north": {"uv": [12, 11, 16, 13], "texture": "#all"}, "east": {"uv": [12, 11, 13, 13], "texture": "#all"}, "west": {"uv": [15, 11, 16, 13], "texture": "#all"}, "up": {"uv": [12, 11, 16, 12], "rotation": 180, "texture": "#all"}, "down": {"uv": [12, 12, 16, 13], "rotation": 180, "texture": "#all"}}}, {"from": [1, 6, 7.5], "to": [3, 7, 8], "rotation": {"angle": 0, "axis": "y", "origin": [8, 8, 8]}, "faces": {"north": {"uv": [13, 9, 15, 10], "texture": "#all"}, "east": {"uv": [13, 9, 14, 10], "texture": "#all"}, "west": {"uv": [14, 9, 15, 10], "texture": "#all"}, "up": {"uv": [13, 9, 15, 10], "rotation": 180, "texture": "#all"}}}, {"from": [0, 5, 7.5], "to": [3, 6, 8], "rotation": {"angle": 0, "axis": "y", "origin": [8, 8, 8]}, "faces": {"north": {"uv": [13, 10, 16, 11], "texture": "#all"}, "east": {"uv": [13, 10, 14, 11], "texture": "#all"}, "west": {"uv": [15, 10, 16, 11], "texture": "#all"}, "up": {"uv": [13, 10, 16, 11], "rotation": 180, "texture": "#all"}}}, {"from": [0, 8, -0.5], "to": [1, 11, 0], "rotation": {"angle": 0, "axis": "y", "origin": [8, 8, 8]}, "faces": {"north": {"uv": [15, 5, 16, 8], "texture": "#all", "cullface": "north"}, "east": {"uv": [15, 5, 16, 8], "texture": "#all", "cullface": "north"}, "west": {"uv": [15, 5, 16, 8], "texture": "#all", "cullface": "north"}, "up": {"uv": [15, 5, 16, 6], "rotation": 180, "texture": "#all", "cullface": "north"}, "down": {"uv": [15, 7, 16, 8], "rotation": 180, "texture": "#all", "cullface": "north"}}}, {"from": [2, 8, -0.5], "to": [3, 9, 0], "rotation": {"angle": 0, "axis": "y", "origin": [8, 8, 8]}, "faces": {"north": {"uv": [13, 7, 14, 8], "texture": "#all", "cullface": "north"}, "east": {"uv": [13, 7, 14, 8], "texture": "#all", "cullface": "north"}, "west": {"uv": [13, 7, 14, 8], "texture": "#all", "cullface": "north"}, "down": {"uv": [13, 7, 14, 8], "rotation": 180, "texture": "#all", "cullface": "north"}}}, {"from": [2, 9, -0.5], "to": [5, 10, 0], "rotation": {"angle": 0, "axis": "y", "origin": [8, 8, 8]}, "faces": {"north": {"uv": [11, 6, 14, 7], "texture": "#all", "cullface": "north"}, "east": {"uv": [11, 6, 12, 7], "texture": "#all", "cullface": "north"}, "west": {"uv": [13, 6, 14, 7], "texture": "#all", "cullface": "north"}, "down": {"uv": [11, 6, 14, 7], "rotation": 180, "texture": "#all", "cullface": "north"}}}, {"from": [2, 10, -0.5], "to": [7, 11, 0], "rotation": {"angle": 0, "axis": "y", "origin": [8, 8, 8]}, "faces": {"north": {"uv": [9, 5, 14, 6], "texture": "#all", "cullface": "north"}, "east": {"uv": [9, 5, 10, 6], "texture": "#all", "cullface": "north"}, "west": {"uv": [13, 5, 14, 6], "texture": "#all", "cullface": "north"}, "up": {"uv": [9, 5, 14, 6], "rotation": 180, "texture": "#all", "cullface": "north"}, "down": {"uv": [9, 5, 14, 6], "rotation": 180, "texture": "#all", "cullface": "north"}}}, {"from": [1, 11, -0.5], "to": [6, 12, 0], "rotation": {"angle": 0, "axis": "y", "origin": [8, 8, 8]}, "faces": {"north": {"uv": [10, 4, 15, 5], "texture": "#all", "cullface": "north"}, "east": {"uv": [10, 4, 11, 5], "texture": "#all", "cullface": "north"}, "west": {"uv": [14, 4, 15, 5], "texture": "#all", "cullface": "north"}, "up": {"uv": [10, 4, 15, 5], "rotation": 180, "texture": "#all", "cullface": "north"}, "down": {"uv": [10, 4, 15, 5], "rotation": 180, "texture": "#all", "cullface": "north"}}}, {"from": [2, 12, -0.5], "to": [5, 13, 0], "rotation": {"angle": 0, "axis": "y", "origin": [8, 8, 8]}, "faces": {"north": {"uv": [11, 3, 14, 4], "texture": "#all", "cullface": "north"}, "east": {"uv": [11, 3, 12, 4], "texture": "#all", "cullface": "north"}, "west": {"uv": [13, 3, 14, 4], "texture": "#all", "cullface": "north"}, "up": {"uv": [11, 3, 14, 4], "rotation": 180, "texture": "#all", "cullface": "north"}}}, {"from": [0, 13, -0.5], "to": [2, 14, 0], "rotation": {"angle": 0, "axis": "y", "origin": [8, 8, 8]}, "faces": {"north": {"uv": [14, 2, 16, 3], "texture": "#all", "cullface": "north"}, "east": {"uv": [14, 2, 15, 3], "texture": "#all", "cullface": "north"}, "west": {"uv": [15, 2, 16, 3], "texture": "#all", "cullface": "north"}, "down": {"uv": [14, 2, 16, 3], "rotation": 180, "texture": "#all", "cullface": "north"}}}, {"from": [0, 14, -0.5], "to": [3, 15, 0], "rotation": {"angle": 0, "axis": "y", "origin": [8, 8, 8]}, "faces": {"north": {"uv": [13, 1, 16, 2], "texture": "#all", "cullface": "north"}, "east": {"uv": [13, 1, 14, 2], "texture": "#all", "cullface": "north"}, "west": {"uv": [15, 1, 16, 2], "texture": "#all", "cullface": "north"}, "down": {"uv": [13, 1, 16, 2], "rotation": 180, "texture": "#all", "cullface": "north"}}}, {"from": [0, 15, -0.5], "to": [4, 16, 0], "rotation": {"angle": 0, "axis": "y", "origin": [8, 8, 8]}, "faces": {"north": {"uv": [12, 0, 16, 1], "texture": "#all", "cullface": "north"}, "east": {"uv": [12, 0, 13, 1], "texture": "#all", "cullface": "north"}, "west": {"uv": [15, 0, 16, 1], "texture": "#all", "cullface": "north"}, "up": {"uv": [12, 0, 16, 1], "rotation": 180, "texture": "#all", "cullface": "north"}, "down": {"uv": [12, 0, 16, 1], "rotation": 180, "texture": "#all", "cullface": "north"}}}, {"from": [5, 15, -0.5], "to": [9, 16, 0], "rotation": {"angle": 0, "axis": "y", "origin": [8, 8, 8]}, "faces": {"north": {"uv": [7, 0, 11, 1], "texture": "#all", "cullface": "north"}, "east": {"uv": [7, 0, 8, 1], "texture": "#all", "cullface": "north"}, "west": {"uv": [10, 0, 11, 1], "texture": "#all", "cullface": "north"}, "up": {"uv": [7, 0, 11, 1], "rotation": 180, "texture": "#all", "cullface": "north"}}}, {"from": [5, 14, -0.5], "to": [10, 15, 0], "rotation": {"angle": 0, "axis": "y", "origin": [8, 8, 8]}, "faces": {"north": {"uv": [6, 1, 11, 2], "texture": "#all", "cullface": "north"}, "east": {"uv": [6, 1, 7, 2], "texture": "#all", "cullface": "north"}, "west": {"uv": [10, 1, 11, 2], "texture": "#all", "cullface": "north"}, "up": {"uv": [6, 1, 11, 2], "rotation": 180, "texture": "#all", "cullface": "north"}, "down": {"uv": [6, 1, 11, 2], "rotation": 180, "texture": "#all", "cullface": "north"}}}, {"from": [6, 13, -0.5], "to": [10, 14, 0], "rotation": {"angle": 0, "axis": "y", "origin": [8, 8, 8]}, "faces": {"north": {"uv": [6, 2, 10, 3], "texture": "#all", "cullface": "north"}, "east": {"uv": [6, 2, 7, 3], "texture": "#all", "cullface": "north"}, "west": {"uv": [9, 2, 10, 3], "texture": "#all", "cullface": "north"}, "down": {"uv": [6, 2, 10, 3], "rotation": 180, "texture": "#all", "cullface": "north"}}}, {"from": [7, 12, -0.5], "to": [10, 13, 0], "rotation": {"angle": 0, "axis": "y", "origin": [8, 8, 8]}, "faces": {"north": {"uv": [6, 3, 9, 4], "texture": "#all", "cullface": "north"}, "east": {"uv": [6, 3, 7, 4], "texture": "#all", "cullface": "north"}, "west": {"uv": [8, 3, 9, 4], "texture": "#all", "cullface": "north"}, "down": {"uv": [6, 3, 9, 4], "rotation": 180, "texture": "#all", "cullface": "north"}}}, {"from": [8, 11, -0.5], "to": [9, 12, 0], "rotation": {"angle": 0, "axis": "y", "origin": [8, 8, 8]}, "faces": {"north": {"uv": [7, 4, 8, 5], "texture": "#all", "cullface": "north"}, "east": {"uv": [7, 4, 8, 5], "texture": "#all", "cullface": "north"}, "west": {"uv": [7, 4, 8, 5], "texture": "#all", "cullface": "north"}, "down": {"uv": [7, 4, 8, 5], "rotation": 180, "texture": "#all", "cullface": "north"}}}, {"from": [5, 8, -0.5], "to": [8, 9, 0], "rotation": {"angle": 0, "axis": "y", "origin": [8, 8, 8]}, "faces": {"north": {"uv": [8, 7, 11, 8], "texture": "#all", "cullface": "north"}, "east": {"uv": [8, 7, 9, 8], "texture": "#all", "cullface": "north"}, "west": {"uv": [10, 7, 11, 8], "texture": "#all", "cullface": "north"}, "up": {"uv": [8, 7, 11, 8], "rotation": 180, "texture": "#all", "cullface": "north"}, "down": {"uv": [8, 7, 11, 8], "rotation": 180, "texture": "#all", "cullface": "north"}}}, {"from": [9, 8, -0.5], "to": [12, 9, 0], "rotation": {"angle": 0, "axis": "y", "origin": [8, 8, 8]}, "faces": {"north": {"uv": [4, 7, 7, 8], "texture": "#all", "cullface": "north"}, "east": {"uv": [4, 7, 5, 8], "texture": "#all", "cullface": "north"}, "west": {"uv": [6, 7, 7, 8], "texture": "#all", "cullface": "north"}, "down": {"uv": [4, 7, 7, 8], "rotation": 180, "texture": "#all", "cullface": "north"}}}, {"from": [9, 9, -0.5], "to": [13, 10, 0], "rotation": {"angle": 0, "axis": "y", "origin": [8, 8, 8]}, "faces": {"north": {"uv": [3, 6, 7, 7], "texture": "#all", "cullface": "north"}, "east": {"uv": [3, 6, 4, 7], "texture": "#all", "cullface": "north"}, "west": {"uv": [6, 6, 7, 7], "texture": "#all", "cullface": "north"}, "up": {"uv": [3, 6, 7, 7], "rotation": 180, "texture": "#all", "cullface": "north"}, "down": {"uv": [3, 6, 7, 7], "rotation": 180, "texture": "#all", "cullface": "north"}}}, {"from": [10, 10, -0.5], "to": [14, 11, 0], "rotation": {"angle": 0, "axis": "y", "origin": [8, 8, 8]}, "faces": {"north": {"uv": [2, 5, 6, 6], "texture": "#all", "cullface": "north"}, "east": {"uv": [2, 5, 3, 6], "texture": "#all", "cullface": "north"}, "west": {"uv": [5, 5, 6, 6], "texture": "#all", "cullface": "north"}, "up": {"uv": [2, 5, 6, 6], "rotation": 180, "texture": "#all", "cullface": "north"}, "down": {"uv": [2, 5, 6, 6], "rotation": 180, "texture": "#all", "cullface": "north"}}}, {"from": [10, 11, -0.5], "to": [12, 12, 0], "rotation": {"angle": 0, "axis": "y", "origin": [8, 8, 8]}, "faces": {"north": {"uv": [4, 4, 6, 5], "texture": "#all", "cullface": "north"}, "east": {"uv": [4, 4, 5, 5], "texture": "#all", "cullface": "north"}, "west": {"uv": [5, 4, 6, 5], "texture": "#all", "cullface": "north"}, "up": {"uv": [4, 4, 6, 5], "rotation": 180, "texture": "#all", "cullface": "north"}}}, {"from": [13, 12, -0.5], "to": [14, 13, 0], "rotation": {"angle": 0, "axis": "y", "origin": [8, 8, 8]}, "faces": {"north": {"uv": [2, 3, 3, 4], "texture": "#all", "cullface": "north"}, "east": {"uv": [2, 3, 3, 4], "texture": "#all", "cullface": "north"}, "west": {"uv": [2, 3, 3, 4], "texture": "#all", "cullface": "north"}, "down": {"uv": [2, 3, 3, 4], "rotation": 180, "texture": "#all", "cullface": "north"}}}, {"from": [11, 13, -0.5], "to": [15, 15, 0], "rotation": {"angle": 0, "axis": "y", "origin": [8, 8, 8]}, "faces": {"north": {"uv": [1, 1, 5, 3], "texture": "#all", "cullface": "north"}, "east": {"uv": [1, 1, 2, 3], "texture": "#all", "cullface": "north"}, "west": {"uv": [4, 1, 5, 3], "texture": "#all", "cullface": "north"}, "up": {"uv": [1, 1, 5, 2], "rotation": 180, "texture": "#all", "cullface": "north"}, "down": {"uv": [1, 2, 5, 3], "rotation": 180, "texture": "#all", "cullface": "north"}}}, {"from": [12, 15, -0.5], "to": [14, 16, 0], "rotation": {"angle": 0, "axis": "y", "origin": [8, 8, 8]}, "faces": {"north": {"uv": [2, 0, 4, 1], "texture": "#all", "cullface": "north"}, "east": {"uv": [2, 0, 3, 1], "texture": "#all", "cullface": "north"}, "west": {"uv": [3, 0, 4, 1], "texture": "#all", "cullface": "north"}, "up": {"uv": [2, 0, 4, 1], "rotation": 180, "texture": "#all", "cullface": "north"}}}, {"from": [14, 8, -0.5], "to": [16, 10, 0], "rotation": {"angle": 0, "axis": "y", "origin": [8, 8, 8]}, "faces": {"north": {"uv": [0, 6, 2, 8], "texture": "#all", "cullface": "north"}, "east": {"uv": [0, 6, 1, 8], "texture": "#all", "cullface": "north"}, "west": {"uv": [1, 6, 2, 8], "texture": "#all", "cullface": "north"}, "up": {"uv": [0, 6, 2, 7], "rotation": 180, "texture": "#all", "cullface": "north"}, "down": {"uv": [0, 7, 2, 8], "rotation": 180, "texture": "#all", "cullface": "north"}}}, {"from": [15, 10, -0.5], "to": [16, 11, 0], "rotation": {"angle": 0, "axis": "y", "origin": [8, 8, 8]}, "faces": {"north": {"uv": [0, 5, 1, 6], "texture": "#all", "cullface": "north"}, "east": {"uv": [0, 5, 1, 6], "texture": "#all", "cullface": "north"}, "west": {"uv": [0, 5, 1, 6], "texture": "#all", "cullface": "north"}, "up": {"uv": [0, 5, 1, 6], "rotation": 180, "texture": "#all", "cullface": "north"}}}, {"from": [8, 7, 12], "to": [8.5, 8, 14], "rotation": {"angle": 0, "axis": "y", "origin": [8, 8, 8]}, "faces": {"north": {"uv": [3, 8, 4, 9], "texture": "#all"}, "east": {"uv": [2, 8, 4, 9], "texture": "#all"}, "south": {"uv": [2, 8, 3, 9], "texture": "#all"}}}, {"from": [8, 6, 12], "to": [8.5, 7, 15], "rotation": {"angle": 0, "axis": "y", "origin": [8, 8, 8]}, "faces": {"north": {"uv": [3, 9, 4, 10], "texture": "#all"}, "east": {"uv": [1, 9, 4, 10], "texture": "#all"}, "south": {"uv": [1, 9, 2, 10], "texture": "#all"}, "up": {"uv": [1, 9, 4, 10], "rotation": 270, "texture": "#all"}, "down": {"uv": [1, 9, 4, 10], "rotation": 90, "texture": "#all"}}}, {"from": [8, 5, 13], "to": [8.5, 6, 14], "rotation": {"angle": 0, "axis": "y", "origin": [8, 8, 8]}, "faces": {"north": {"uv": [2, 10, 3, 11], "texture": "#all"}, "east": {"uv": [2, 10, 3, 11], "texture": "#all"}, "south": {"uv": [2, 10, 3, 11], "texture": "#all"}, "down": {"uv": [2, 10, 3, 11], "rotation": 90, "texture": "#all"}}}, {"from": [8, 7, 8], "to": [8.5, 8, 9], "rotation": {"angle": 0, "axis": "y", "origin": [8, 8, 8]}, "faces": {"north": {"uv": [7, 8, 8, 9], "texture": "#all"}, "east": {"uv": [7, 8, 8, 9], "texture": "#all"}, "south": {"uv": [7, 8, 8, 9], "texture": "#all"}}}, {"from": [8, 6, 8], "to": [8.5, 7, 11], "rotation": {"angle": 0, "axis": "y", "origin": [8, 8, 8]}, "faces": {"north": {"uv": [7, 9, 8, 10], "texture": "#all"}, "east": {"uv": [5, 9, 8, 10], "texture": "#all"}, "south": {"uv": [5, 9, 6, 10], "texture": "#all"}, "up": {"uv": [5, 9, 8, 10], "rotation": 270, "texture": "#all"}, "down": {"uv": [5, 9, 8, 10], "rotation": 90, "texture": "#all"}}}, {"from": [8, 2, 8], "to": [8.5, 5, 10], "rotation": {"angle": 0, "axis": "y", "origin": [8, 8, 8]}, "faces": {"north": {"uv": [7, 11, 8, 14], "texture": "#all"}, "east": {"uv": [6, 11, 8, 14], "texture": "#all"}, "south": {"uv": [6, 12, 7, 14], "texture": "#all"}, "up": {"uv": [6, 11, 8, 12], "rotation": 270, "texture": "#all"}, "down": {"uv": [6, 13, 8, 14], "rotation": 90, "texture": "#all"}}}, {"from": [8, 1, 8], "to": [8.5, 2, 9], "rotation": {"angle": 0, "axis": "y", "origin": [8, 8, 8]}, "faces": {"north": {"uv": [9, 14, 10, 15], "texture": "#all"}, "east": {"uv": [7, 14, 8, 15], "texture": "#all"}, "south": {"uv": [7, 14, 8, 15], "texture": "#all"}, "down": {"uv": [7, 14, 8, 15], "rotation": 90, "texture": "#all"}}}, {"from": [8, 0, 10], "to": [8.5, 2, 16], "rotation": {"angle": 0, "axis": "y", "origin": [8, 8, 8]}, "faces": {"north": {"uv": [5, 14, 6, 16], "texture": "#all"}, "east": {"uv": [0, 14, 6, 16], "texture": "#all"}, "south": {"uv": [0, 14, 1, 16], "texture": "#all"}, "up": {"uv": [0, 14, 6, 15], "rotation": 270, "texture": "#all"}, "down": {"uv": [0, 15, 6, 16], "rotation": 90, "texture": "#all"}}}, {"from": [8, 2, 11], "to": [8.5, 3, 15], "rotation": {"angle": 0, "axis": "y", "origin": [8, 8, 8]}, "faces": {"north": {"uv": [4, 13, 5, 14], "texture": "#all"}, "east": {"uv": [1, 13, 5, 14], "texture": "#all"}, "south": {"uv": [1, 13, 2, 14], "texture": "#all"}, "up": {"uv": [1, 13, 5, 14], "rotation": 270, "texture": "#all"}}}, {"from": [8, 3, 12], "to": [8.5, 4, 14], "rotation": {"angle": 0, "axis": "y", "origin": [8, 8, 8]}, "faces": {"north": {"uv": [3, 12, 4, 13], "texture": "#all"}, "east": {"uv": [2, 12, 4, 13], "texture": "#all"}, "south": {"uv": [2, 12, 3, 13], "texture": "#all"}, "up": {"uv": [2, 12, 4, 13], "rotation": 270, "texture": "#all"}}}, {"from": [16, 8, 0], "to": [16.5, 11, 1], "rotation": {"angle": 0, "axis": "y", "origin": [8, 8, 8]}, "faces": {"north": {"uv": [15, 5, 16, 8], "texture": "#all", "cullface": "east"}, "east": {"uv": [15, 5, 16, 8], "texture": "#all", "cullface": "east"}, "south": {"uv": [15, 5, 16, 8], "texture": "#all", "cullface": "east"}, "up": {"uv": [15, 5, 16, 6], "rotation": 270, "texture": "#all", "cullface": "east"}, "down": {"uv": [15, 7, 16, 8], "rotation": 90, "texture": "#all", "cullface": "east"}}}, {"from": [16, 8, 2], "to": [16.5, 9, 3], "rotation": {"angle": 0, "axis": "y", "origin": [8, 8, 8]}, "faces": {"north": {"uv": [13, 7, 14, 8], "texture": "#all", "cullface": "east"}, "east": {"uv": [13, 7, 14, 8], "texture": "#all", "cullface": "east"}, "south": {"uv": [13, 7, 14, 8], "texture": "#all", "cullface": "east"}, "down": {"uv": [13, 7, 14, 8], "rotation": 90, "texture": "#all", "cullface": "east"}}}, {"from": [16, 9, 2], "to": [16.5, 10, 5], "rotation": {"angle": 0, "axis": "y", "origin": [8, 8, 8]}, "faces": {"north": {"uv": [13, 6, 14, 7], "texture": "#all", "cullface": "east"}, "east": {"uv": [11, 6, 14, 7], "texture": "#all", "cullface": "east"}, "south": {"uv": [11, 6, 12, 7], "texture": "#all", "cullface": "east"}, "down": {"uv": [11, 6, 14, 7], "rotation": 90, "texture": "#all", "cullface": "east"}}}, {"from": [16, 10, 2], "to": [16.5, 11, 7], "rotation": {"angle": 0, "axis": "y", "origin": [8, 8, 8]}, "faces": {"north": {"uv": [13, 5, 14, 6], "texture": "#all", "cullface": "east"}, "east": {"uv": [9, 5, 14, 6], "texture": "#all", "cullface": "east"}, "south": {"uv": [9, 5, 10, 6], "texture": "#all", "cullface": "east"}, "up": {"uv": [9, 5, 14, 6], "rotation": 270, "texture": "#all", "cullface": "east"}, "down": {"uv": [9, 5, 14, 6], "rotation": 90, "texture": "#all", "cullface": "east"}}}, {"from": [16, 11, 1], "to": [16.5, 12, 6], "rotation": {"angle": 0, "axis": "y", "origin": [8, 8, 8]}, "faces": {"north": {"uv": [14, 4, 15, 5], "texture": "#all", "cullface": "east"}, "east": {"uv": [10, 4, 15, 5], "texture": "#all", "cullface": "east"}, "south": {"uv": [10, 4, 11, 5], "texture": "#all", "cullface": "east"}, "up": {"uv": [10, 4, 15, 5], "rotation": 270, "texture": "#all", "cullface": "east"}, "down": {"uv": [10, 4, 15, 5], "rotation": 90, "texture": "#all", "cullface": "east"}}}, {"from": [16, 12, 2], "to": [16.5, 13, 5], "rotation": {"angle": 0, "axis": "y", "origin": [8, 8, 8]}, "faces": {"north": {"uv": [13, 3, 14, 4], "texture": "#all", "cullface": "east"}, "east": {"uv": [11, 3, 14, 4], "texture": "#all", "cullface": "east"}, "south": {"uv": [11, 3, 12, 4], "texture": "#all", "cullface": "east"}, "up": {"uv": [11, 3, 14, 4], "rotation": 270, "texture": "#all", "cullface": "east"}}}, {"from": [16, 13, 0], "to": [16.5, 14, 2], "rotation": {"angle": 0, "axis": "y", "origin": [8, 8, 8]}, "faces": {"north": {"uv": [15, 2, 16, 3], "texture": "#all", "cullface": "east"}, "east": {"uv": [14, 2, 16, 3], "texture": "#all", "cullface": "east"}, "south": {"uv": [14, 2, 15, 3], "texture": "#all", "cullface": "east"}, "down": {"uv": [14, 2, 16, 3], "rotation": 90, "texture": "#all", "cullface": "east"}}}, {"from": [16, 14, 0], "to": [16.5, 15, 3], "rotation": {"angle": 0, "axis": "y", "origin": [8, 8, 8]}, "faces": {"north": {"uv": [15, 1, 16, 2], "texture": "#all", "cullface": "east"}, "east": {"uv": [13, 1, 16, 2], "texture": "#all", "cullface": "east"}, "south": {"uv": [13, 1, 14, 2], "texture": "#all", "cullface": "east"}, "down": {"uv": [13, 1, 16, 2], "rotation": 90, "texture": "#all", "cullface": "east"}}}, {"from": [16, 15, 0], "to": [16.5, 16, 4], "rotation": {"angle": 0, "axis": "y", "origin": [8, 8, 8]}, "faces": {"north": {"uv": [15, 0, 16, 1], "texture": "#all", "cullface": "east"}, "east": {"uv": [12, 0, 16, 1], "texture": "#all", "cullface": "east"}, "south": {"uv": [12, 0, 13, 1], "texture": "#all", "cullface": "east"}, "up": {"uv": [12, 0, 16, 1], "rotation": 270, "texture": "#all", "cullface": "east"}, "down": {"uv": [12, 0, 16, 1], "rotation": 90, "texture": "#all", "cullface": "east"}}}, {"from": [16, 15, 5], "to": [16.5, 16, 9], "rotation": {"angle": 0, "axis": "y", "origin": [8, 8, 8]}, "faces": {"north": {"uv": [10, 0, 11, 1], "texture": "#all", "cullface": "east"}, "east": {"uv": [7, 0, 11, 1], "texture": "#all", "cullface": "east"}, "south": {"uv": [7, 0, 8, 1], "texture": "#all", "cullface": "east"}, "up": {"uv": [7, 0, 11, 1], "rotation": 270, "texture": "#all", "cullface": "east"}}}, {"from": [16, 14, 5], "to": [16.5, 15, 10], "rotation": {"angle": 0, "axis": "y", "origin": [8, 8, 8]}, "faces": {"north": {"uv": [10, 1, 11, 2], "texture": "#all", "cullface": "east"}, "east": {"uv": [6, 1, 11, 2], "texture": "#all", "cullface": "east"}, "south": {"uv": [6, 1, 7, 2], "texture": "#all", "cullface": "east"}, "up": {"uv": [6, 1, 11, 2], "rotation": 270, "texture": "#all", "cullface": "east"}, "down": {"uv": [6, 1, 11, 2], "rotation": 90, "texture": "#all", "cullface": "east"}}}, {"from": [16, 13, 6], "to": [16.5, 14, 10], "rotation": {"angle": 0, "axis": "y", "origin": [8, 8, 8]}, "faces": {"north": {"uv": [9, 2, 10, 3], "texture": "#all", "cullface": "east"}, "east": {"uv": [6, 2, 10, 3], "texture": "#all", "cullface": "east"}, "south": {"uv": [6, 2, 7, 3], "texture": "#all", "cullface": "east"}, "down": {"uv": [6, 2, 10, 3], "rotation": 90, "texture": "#all", "cullface": "east"}}}, {"from": [16, 12, 7], "to": [16.5, 13, 10], "rotation": {"angle": 0, "axis": "y", "origin": [8, 8, 8]}, "faces": {"north": {"uv": [8, 3, 9, 4], "texture": "#all", "cullface": "east"}, "east": {"uv": [6, 3, 9, 4], "texture": "#all", "cullface": "east"}, "south": {"uv": [6, 3, 7, 4], "texture": "#all", "cullface": "east"}, "down": {"uv": [6, 3, 9, 4], "rotation": 90, "texture": "#all", "cullface": "east"}}}, {"from": [16, 11, 8], "to": [16.5, 12, 9], "rotation": {"angle": 0, "axis": "y", "origin": [8, 8, 8]}, "faces": {"north": {"uv": [7, 4, 8, 5], "texture": "#all", "cullface": "east"}, "east": {"uv": [7, 4, 8, 5], "texture": "#all", "cullface": "east"}, "south": {"uv": [7, 4, 8, 5], "texture": "#all", "cullface": "east"}, "down": {"uv": [7, 4, 8, 5], "rotation": 90, "texture": "#all", "cullface": "east"}}}, {"from": [16, 8, 5], "to": [16.5, 9, 8], "rotation": {"angle": 0, "axis": "y", "origin": [8, 8, 8]}, "faces": {"north": {"uv": [10, 7, 11, 8], "texture": "#all", "cullface": "east"}, "east": {"uv": [8, 7, 11, 8], "texture": "#all", "cullface": "east"}, "south": {"uv": [8, 7, 9, 8], "texture": "#all", "cullface": "east"}, "up": {"uv": [8, 7, 11, 8], "rotation": 270, "texture": "#all", "cullface": "east"}, "down": {"uv": [8, 7, 11, 8], "rotation": 90, "texture": "#all", "cullface": "east"}}}, {"from": [16, 8, 9], "to": [16.5, 9, 12], "rotation": {"angle": 0, "axis": "y", "origin": [8, 8, 8]}, "faces": {"north": {"uv": [6, 7, 7, 8], "texture": "#all", "cullface": "east"}, "east": {"uv": [4, 7, 7, 8], "texture": "#all", "cullface": "east"}, "south": {"uv": [4, 7, 5, 8], "texture": "#all", "cullface": "east"}, "down": {"uv": [4, 7, 7, 8], "rotation": 90, "texture": "#all", "cullface": "east"}}}, {"from": [16, 9, 9], "to": [16.5, 10, 13], "rotation": {"angle": 0, "axis": "y", "origin": [8, 8, 8]}, "faces": {"north": {"uv": [6, 6, 7, 7], "texture": "#all", "cullface": "east"}, "east": {"uv": [3, 6, 7, 7], "texture": "#all", "cullface": "east"}, "south": {"uv": [3, 6, 4, 7], "texture": "#all", "cullface": "east"}, "up": {"uv": [3, 6, 7, 7], "rotation": 270, "texture": "#all", "cullface": "east"}, "down": {"uv": [3, 6, 7, 7], "rotation": 90, "texture": "#all", "cullface": "east"}}}, {"from": [16, 10, 10], "to": [16.5, 11, 14], "rotation": {"angle": 0, "axis": "y", "origin": [8, 8, 8]}, "faces": {"north": {"uv": [5, 5, 6, 6], "texture": "#all", "cullface": "east"}, "east": {"uv": [2, 5, 6, 6], "texture": "#all", "cullface": "east"}, "south": {"uv": [2, 5, 3, 6], "texture": "#all", "cullface": "east"}, "up": {"uv": [2, 5, 6, 6], "rotation": 270, "texture": "#all", "cullface": "east"}, "down": {"uv": [2, 5, 6, 6], "rotation": 90, "texture": "#all", "cullface": "east"}}}, {"from": [16, 11, 10], "to": [16.5, 12, 12], "rotation": {"angle": 0, "axis": "y", "origin": [8, 8, 8]}, "faces": {"north": {"uv": [5, 4, 6, 5], "texture": "#all", "cullface": "east"}, "east": {"uv": [4, 4, 6, 5], "texture": "#all", "cullface": "east"}, "south": {"uv": [4, 4, 5, 5], "texture": "#all", "cullface": "east"}, "up": {"uv": [4, 4, 6, 5], "rotation": 270, "texture": "#all", "cullface": "east"}}}, {"from": [16, 12, 13], "to": [16.5, 13, 14], "rotation": {"angle": 0, "axis": "y", "origin": [8, 8, 8]}, "faces": {"north": {"uv": [2, 3, 3, 4], "texture": "#all", "cullface": "east"}, "east": {"uv": [2, 3, 3, 4], "texture": "#all", "cullface": "east"}, "south": {"uv": [2, 3, 3, 4], "texture": "#all", "cullface": "east"}, "down": {"uv": [2, 3, 3, 4], "rotation": 90, "texture": "#all", "cullface": "east"}}}, {"from": [16, 13, 11], "to": [16.5, 15, 15], "rotation": {"angle": 0, "axis": "y", "origin": [8, 8, 8]}, "faces": {"north": {"uv": [4, 1, 5, 3], "texture": "#all", "cullface": "east"}, "east": {"uv": [1, 1, 5, 3], "texture": "#all", "cullface": "east"}, "south": {"uv": [1, 1, 2, 3], "texture": "#all", "cullface": "east"}, "up": {"uv": [1, 1, 5, 2], "rotation": 270, "texture": "#all", "cullface": "east"}, "down": {"uv": [1, 2, 5, 3], "rotation": 90, "texture": "#all", "cullface": "east"}}}, {"from": [16, 15, 12], "to": [16.5, 16, 14], "rotation": {"angle": 0, "axis": "y", "origin": [8, 8, 8]}, "faces": {"north": {"uv": [3, 0, 4, 1], "texture": "#all", "cullface": "east"}, "east": {"uv": [2, 0, 4, 1], "texture": "#all", "cullface": "east"}, "south": {"uv": [2, 0, 3, 1], "texture": "#all", "cullface": "east"}, "up": {"uv": [2, 0, 4, 1], "rotation": 270, "texture": "#all", "cullface": "east"}}}, {"from": [16, 8, 14], "to": [16.5, 10, 16], "rotation": {"angle": 0, "axis": "y", "origin": [8, 8, 8]}, "faces": {"north": {"uv": [1, 6, 2, 8], "texture": "#all", "cullface": "east"}, "east": {"uv": [0, 6, 2, 8], "texture": "#all", "cullface": "east"}, "south": {"uv": [0, 6, 1, 8], "texture": "#all", "cullface": "east"}, "up": {"uv": [0, 6, 2, 7], "rotation": 270, "texture": "#all", "cullface": "east"}, "down": {"uv": [0, 7, 2, 8], "rotation": 90, "texture": "#all", "cullface": "east"}}}, {"from": [16, 10, 15], "to": [16.5, 11, 16], "rotation": {"angle": 0, "axis": "y", "origin": [8, 8, 8]}, "faces": {"north": {"uv": [0, 5, 1, 6], "texture": "#all", "cullface": "east"}, "east": {"uv": [0, 5, 1, 6], "texture": "#all", "cullface": "east"}, "south": {"uv": [0, 5, 1, 6], "texture": "#all", "cullface": "east"}, "up": {"uv": [0, 5, 1, 6], "rotation": 270, "texture": "#all", "cullface": "east"}}}, {"from": [15, 8, 16], "to": [16, 11, 16.5], "rotation": {"angle": 0, "axis": "y", "origin": [8, 8, 8]}, "faces": {"east": {"uv": [15, 5, 16, 8], "texture": "#all", "cullface": "south"}, "south": {"uv": [15, 5, 16, 8], "texture": "#all", "cullface": "south"}, "west": {"uv": [15, 5, 16, 8], "texture": "#all", "cullface": "south"}, "up": {"uv": [15, 5, 16, 6], "texture": "#all", "cullface": "south"}, "down": {"uv": [15, 7, 16, 8], "texture": "#all", "cullface": "south"}}}, {"from": [13, 8, 16], "to": [14, 9, 16.5], "rotation": {"angle": 0, "axis": "y", "origin": [8, 8, 8]}, "faces": {"east": {"uv": [13, 7, 14, 8], "texture": "#all", "cullface": "south"}, "south": {"uv": [13, 7, 14, 8], "texture": "#all", "cullface": "south"}, "west": {"uv": [13, 7, 14, 8], "texture": "#all", "cullface": "south"}, "down": {"uv": [13, 7, 14, 8], "texture": "#all", "cullface": "south"}}}, {"from": [11, 9, 16], "to": [14, 10, 16.5], "rotation": {"angle": 0, "axis": "y", "origin": [8, 8, 8]}, "faces": {"east": {"uv": [13, 6, 14, 7], "texture": "#all", "cullface": "south"}, "south": {"uv": [11, 6, 14, 7], "texture": "#all", "cullface": "south"}, "west": {"uv": [11, 6, 12, 7], "texture": "#all", "cullface": "south"}, "down": {"uv": [11, 6, 14, 7], "texture": "#all", "cullface": "south"}}}, {"from": [9, 10, 16], "to": [14, 11, 16.5], "rotation": {"angle": 0, "axis": "y", "origin": [8, 8, 8]}, "faces": {"east": {"uv": [13, 5, 14, 6], "texture": "#all", "cullface": "south"}, "south": {"uv": [9, 5, 14, 6], "texture": "#all", "cullface": "south"}, "west": {"uv": [9, 5, 10, 6], "texture": "#all", "cullface": "south"}, "up": {"uv": [9, 5, 14, 6], "texture": "#all", "cullface": "south"}, "down": {"uv": [9, 5, 14, 6], "texture": "#all", "cullface": "south"}}}, {"from": [10, 11, 16], "to": [15, 12, 16.5], "rotation": {"angle": 0, "axis": "y", "origin": [8, 8, 8]}, "faces": {"east": {"uv": [14, 4, 15, 5], "texture": "#all", "cullface": "south"}, "south": {"uv": [10, 4, 15, 5], "texture": "#all", "cullface": "south"}, "west": {"uv": [10, 4, 11, 5], "texture": "#all", "cullface": "south"}, "up": {"uv": [10, 4, 15, 5], "texture": "#all", "cullface": "south"}, "down": {"uv": [10, 4, 15, 5], "texture": "#all", "cullface": "south"}}}, {"from": [11, 12, 16], "to": [14, 13, 16.5], "rotation": {"angle": 0, "axis": "y", "origin": [8, 8, 8]}, "faces": {"east": {"uv": [13, 3, 14, 4], "texture": "#all", "cullface": "south"}, "south": {"uv": [11, 3, 14, 4], "texture": "#all", "cullface": "south"}, "west": {"uv": [11, 3, 12, 4], "texture": "#all", "cullface": "south"}, "up": {"uv": [11, 3, 14, 4], "texture": "#all", "cullface": "south"}}}, {"from": [14, 13, 16], "to": [16, 14, 16.5], "rotation": {"angle": 0, "axis": "y", "origin": [8, 8, 8]}, "faces": {"east": {"uv": [15, 2, 16, 3], "texture": "#all", "cullface": "south"}, "south": {"uv": [14, 2, 16, 3], "texture": "#all", "cullface": "south"}, "west": {"uv": [14, 2, 15, 3], "texture": "#all", "cullface": "south"}, "down": {"uv": [14, 2, 16, 3], "texture": "#all", "cullface": "south"}}}, {"from": [13, 14, 16], "to": [16, 15, 16.5], "rotation": {"angle": 0, "axis": "y", "origin": [8, 8, 8]}, "faces": {"east": {"uv": [15, 1, 16, 2], "texture": "#all", "cullface": "south"}, "south": {"uv": [13, 1, 16, 2], "texture": "#all", "cullface": "south"}, "west": {"uv": [13, 1, 14, 2], "texture": "#all", "cullface": "south"}, "down": {"uv": [13, 1, 16, 2], "texture": "#all", "cullface": "south"}}}, {"from": [12, 15, 16], "to": [16, 16, 16.5], "rotation": {"angle": 0, "axis": "y", "origin": [8, 8, 8]}, "faces": {"east": {"uv": [15, 0, 16, 1], "texture": "#all", "cullface": "south"}, "south": {"uv": [12, 0, 16, 1], "texture": "#all", "cullface": "south"}, "west": {"uv": [12, 0, 13, 1], "texture": "#all", "cullface": "south"}, "up": {"uv": [12, 0, 16, 1], "texture": "#all", "cullface": "south"}, "down": {"uv": [12, 0, 16, 1], "texture": "#all", "cullface": "south"}}}, {"from": [7, 15, 16], "to": [11, 16, 16.5], "rotation": {"angle": 0, "axis": "y", "origin": [8, 8, 8]}, "faces": {"east": {"uv": [10, 0, 11, 1], "texture": "#all", "cullface": "south"}, "south": {"uv": [7, 0, 11, 1], "texture": "#all", "cullface": "south"}, "west": {"uv": [7, 0, 8, 1], "texture": "#all", "cullface": "south"}, "up": {"uv": [7, 0, 11, 1], "texture": "#all", "cullface": "south"}}}, {"from": [6, 14, 16], "to": [11, 15, 16.5], "rotation": {"angle": 0, "axis": "y", "origin": [8, 8, 8]}, "faces": {"east": {"uv": [10, 1, 11, 2], "texture": "#all", "cullface": "south"}, "south": {"uv": [6, 1, 11, 2], "texture": "#all", "cullface": "south"}, "west": {"uv": [6, 1, 7, 2], "texture": "#all", "cullface": "south"}, "up": {"uv": [6, 1, 11, 2], "texture": "#all", "cullface": "south"}, "down": {"uv": [6, 1, 11, 2], "texture": "#all", "cullface": "south"}}}, {"from": [6, 13, 16], "to": [10, 14, 16.5], "rotation": {"angle": 0, "axis": "y", "origin": [8, 8, 8]}, "faces": {"east": {"uv": [9, 2, 10, 3], "texture": "#all", "cullface": "south"}, "south": {"uv": [6, 2, 10, 3], "texture": "#all", "cullface": "south"}, "west": {"uv": [6, 2, 7, 3], "texture": "#all", "cullface": "south"}, "down": {"uv": [6, 2, 10, 3], "texture": "#all", "cullface": "south"}}}, {"from": [6, 12, 16], "to": [9, 13, 16.5], "rotation": {"angle": 0, "axis": "y", "origin": [8, 8, 8]}, "faces": {"east": {"uv": [8, 3, 9, 4], "texture": "#all", "cullface": "south"}, "south": {"uv": [6, 3, 9, 4], "texture": "#all", "cullface": "south"}, "west": {"uv": [6, 3, 7, 4], "texture": "#all", "cullface": "south"}, "down": {"uv": [6, 3, 9, 4], "texture": "#all", "cullface": "south"}}}, {"from": [7, 11, 16], "to": [8, 12, 16.5], "rotation": {"angle": 0, "axis": "y", "origin": [8, 8, 8]}, "faces": {"east": {"uv": [7, 4, 8, 5], "texture": "#all", "cullface": "south"}, "south": {"uv": [7, 4, 8, 5], "texture": "#all", "cullface": "south"}, "west": {"uv": [7, 4, 8, 5], "texture": "#all", "cullface": "south"}, "down": {"uv": [7, 4, 8, 5], "texture": "#all", "cullface": "south"}}}, {"from": [5, 6, 16], "to": [8, 7, 16.5], "rotation": {"angle": 0, "axis": "y", "origin": [8, 8, 8]}, "faces": {"east": {"uv": [7, 9, 8, 10], "texture": "#all", "cullface": "south"}, "south": {"uv": [5, 9, 8, 10], "texture": "#all", "cullface": "south"}, "west": {"uv": [5, 9, 6, 10], "texture": "#all", "cullface": "south"}, "up": {"uv": [5, 9, 8, 10], "texture": "#all", "cullface": "south"}, "down": {"uv": [5, 9, 8, 10], "texture": "#all", "cullface": "south"}}}, {"from": [7, 7, 16], "to": [8, 8, 16.5], "rotation": {"angle": 0, "axis": "y", "origin": [8, 8, 8]}, "faces": {"east": {"uv": [7, 8, 8, 9], "texture": "#all", "cullface": "south"}, "south": {"uv": [7, 8, 8, 9], "texture": "#all", "cullface": "south"}, "west": {"uv": [7, 8, 8, 9], "texture": "#all", "cullface": "south"}, "up": {"uv": [7, 8, 8, 9], "texture": "#all", "cullface": "south"}}}, {"from": [8, 8, 16], "to": [11, 9, 16.5], "rotation": {"angle": 0, "axis": "y", "origin": [8, 8, 8]}, "faces": {"east": {"uv": [10, 7, 11, 8], "texture": "#all", "cullface": "south"}, "south": {"uv": [8, 7, 11, 8], "texture": "#all", "cullface": "south"}, "west": {"uv": [8, 7, 9, 8], "texture": "#all", "cullface": "south"}, "up": {"uv": [8, 7, 11, 8], "texture": "#all", "cullface": "south"}, "down": {"uv": [8, 7, 11, 8], "texture": "#all", "cullface": "south"}}}, {"from": [4, 8, 16], "to": [7, 9, 16.5], "rotation": {"angle": 0, "axis": "y", "origin": [8, 8, 8]}, "faces": {"east": {"uv": [6, 7, 7, 8], "texture": "#all", "cullface": "south"}, "south": {"uv": [4, 7, 7, 8], "texture": "#all", "cullface": "south"}, "west": {"uv": [4, 7, 5, 8], "texture": "#all", "cullface": "south"}, "down": {"uv": [4, 7, 7, 8], "texture": "#all", "cullface": "south"}}}, {"from": [3, 9, 16], "to": [7, 10, 16.5], "rotation": {"angle": 0, "axis": "y", "origin": [8, 8, 8]}, "faces": {"east": {"uv": [6, 6, 7, 7], "texture": "#all", "cullface": "south"}, "south": {"uv": [3, 6, 7, 7], "texture": "#all", "cullface": "south"}, "west": {"uv": [3, 6, 4, 7], "texture": "#all", "cullface": "south"}, "up": {"uv": [3, 6, 7, 7], "texture": "#all", "cullface": "south"}, "down": {"uv": [3, 6, 7, 7], "texture": "#all", "cullface": "south"}}}, {"from": [2, 10, 16], "to": [6, 11, 16.5], "rotation": {"angle": 0, "axis": "y", "origin": [8, 8, 8]}, "faces": {"east": {"uv": [5, 5, 6, 6], "texture": "#all", "cullface": "south"}, "south": {"uv": [2, 5, 6, 6], "texture": "#all", "cullface": "south"}, "west": {"uv": [2, 5, 3, 6], "texture": "#all", "cullface": "south"}, "up": {"uv": [2, 5, 6, 6], "texture": "#all", "cullface": "south"}, "down": {"uv": [2, 5, 6, 6], "texture": "#all", "cullface": "south"}}}, {"from": [4, 11, 16], "to": [6, 12, 16.5], "rotation": {"angle": 0, "axis": "y", "origin": [8, 8, 8]}, "faces": {"east": {"uv": [5, 4, 6, 5], "texture": "#all", "cullface": "south"}, "south": {"uv": [4, 4, 6, 5], "texture": "#all", "cullface": "south"}, "west": {"uv": [4, 4, 5, 5], "texture": "#all", "cullface": "south"}, "up": {"uv": [4, 4, 6, 5], "texture": "#all", "cullface": "south"}}}, {"from": [2, 12, 16], "to": [3, 13, 16.5], "rotation": {"angle": 0, "axis": "y", "origin": [8, 8, 8]}, "faces": {"east": {"uv": [2, 3, 3, 4], "texture": "#all", "cullface": "south"}, "south": {"uv": [2, 3, 3, 4], "texture": "#all", "cullface": "south"}, "west": {"uv": [2, 3, 3, 4], "texture": "#all", "cullface": "south"}, "down": {"uv": [2, 3, 3, 4], "texture": "#all", "cullface": "south"}}}, {"from": [1, 13, 16], "to": [5, 15, 16.5], "rotation": {"angle": 0, "axis": "y", "origin": [8, 8, 8]}, "faces": {"east": {"uv": [4, 1, 5, 3], "texture": "#all", "cullface": "south"}, "south": {"uv": [1, 1, 5, 3], "texture": "#all", "cullface": "south"}, "west": {"uv": [1, 1, 2, 3], "texture": "#all", "cullface": "south"}, "up": {"uv": [1, 1, 5, 2], "texture": "#all", "cullface": "south"}, "down": {"uv": [1, 2, 5, 3], "texture": "#all", "cullface": "south"}}}, {"from": [2, 15, 16], "to": [4, 16, 16.5], "rotation": {"angle": 0, "axis": "y", "origin": [8, 8, 8]}, "faces": {"east": {"uv": [3, 0, 4, 1], "texture": "#all", "cullface": "south"}, "south": {"uv": [2, 0, 4, 1], "texture": "#all", "cullface": "south"}, "west": {"uv": [2, 0, 3, 1], "texture": "#all", "cullface": "south"}, "up": {"uv": [2, 0, 4, 1], "texture": "#all", "cullface": "south"}}}, {"from": [0, 8, 16], "to": [2, 10, 16.5], "rotation": {"angle": 0, "axis": "y", "origin": [8, 8, 8]}, "faces": {"east": {"uv": [1, 6, 2, 8], "texture": "#all", "cullface": "south"}, "south": {"uv": [0, 6, 2, 8], "texture": "#all", "cullface": "south"}, "west": {"uv": [0, 6, 1, 8], "texture": "#all", "cullface": "south"}, "up": {"uv": [0, 6, 2, 7], "texture": "#all", "cullface": "south"}, "down": {"uv": [0, 7, 2, 8], "texture": "#all", "cullface": "south"}}}, {"from": [0, 10, 16], "to": [1, 11, 16.5], "rotation": {"angle": 0, "axis": "y", "origin": [8, 8, 8]}, "faces": {"east": {"uv": [0, 5, 1, 6], "texture": "#all", "cullface": "south"}, "south": {"uv": [0, 5, 1, 6], "texture": "#all", "cullface": "south"}, "west": {"uv": [0, 5, 1, 6], "texture": "#all", "cullface": "south"}, "up": {"uv": [0, 5, 1, 6], "texture": "#all", "cullface": "south"}}}, {"from": [1, 6, 16], "to": [4, 7, 16.5], "rotation": {"angle": 0, "axis": "y", "origin": [8, 8, 8]}, "faces": {"east": {"uv": [3, 9, 4, 10], "texture": "#all", "cullface": "south"}, "south": {"uv": [1, 9, 4, 10], "texture": "#all", "cullface": "south"}, "west": {"uv": [1, 9, 2, 10], "texture": "#all", "cullface": "south"}, "up": {"uv": [1, 9, 4, 10], "texture": "#all", "cullface": "south"}, "down": {"uv": [1, 9, 4, 10], "texture": "#all", "cullface": "south"}}}, {"from": [2, 7, 16], "to": [4, 8, 16.5], "rotation": {"angle": 0, "axis": "y", "origin": [8, 8, 8]}, "faces": {"east": {"uv": [3, 8, 4, 9], "texture": "#all", "cullface": "south"}, "south": {"uv": [2, 8, 4, 9], "texture": "#all", "cullface": "south"}, "west": {"uv": [2, 8, 3, 9], "texture": "#all", "cullface": "south"}, "up": {"uv": [2, 8, 4, 9], "texture": "#all", "cullface": "south"}}}, {"from": [2, 5, 16], "to": [3, 6, 16.5], "rotation": {"angle": 0, "axis": "y", "origin": [8, 8, 8]}, "faces": {"east": {"uv": [2, 10, 3, 11], "texture": "#all", "cullface": "south"}, "south": {"uv": [2, 10, 3, 11], "texture": "#all", "cullface": "south"}, "west": {"uv": [2, 10, 3, 11], "texture": "#all", "cullface": "south"}, "down": {"uv": [2, 10, 3, 11], "texture": "#all", "cullface": "south"}}}, {"from": [2, 3, 16], "to": [4, 4, 16.5], "rotation": {"angle": 0, "axis": "y", "origin": [8, 8, 8]}, "faces": {"east": {"uv": [3, 12, 4, 13], "texture": "#all", "cullface": "south"}, "south": {"uv": [2, 12, 4, 13], "texture": "#all", "cullface": "south"}, "west": {"uv": [2, 12, 3, 13], "texture": "#all", "cullface": "south"}, "up": {"uv": [2, 12, 4, 13], "texture": "#all", "cullface": "south"}}}, {"from": [1, 2, 16], "to": [5, 3, 16.5], "rotation": {"angle": 0, "axis": "y", "origin": [8, 8, 8]}, "faces": {"east": {"uv": [4, 13, 5, 14], "texture": "#all", "cullface": "south"}, "south": {"uv": [1, 13, 5, 14], "texture": "#all", "cullface": "south"}, "west": {"uv": [1, 13, 2, 14], "texture": "#all", "cullface": "south"}, "up": {"uv": [1, 13, 5, 14], "texture": "#all", "cullface": "south"}}}, {"from": [0, 0, 16], "to": [6, 2, 16.5], "rotation": {"angle": 0, "axis": "y", "origin": [8, 8, 8]}, "faces": {"east": {"uv": [5, 14, 6, 16], "texture": "#all", "cullface": "south"}, "south": {"uv": [0, 14, 6, 16], "texture": "#all", "cullface": "south"}, "west": {"uv": [0, 14, 1, 16], "texture": "#all", "cullface": "south"}, "up": {"uv": [0, 14, 6, 15], "texture": "#all", "cullface": "south"}, "down": {"uv": [0, 15, 6, 16], "texture": "#all", "cullface": "south"}}}, {"from": [7, 1, 16], "to": [8, 2, 16.5], "rotation": {"angle": 0, "axis": "y", "origin": [8, 8, 8]}, "faces": {"east": {"uv": [7, 14, 8, 15], "texture": "#all", "cullface": "south"}, "south": {"uv": [7, 14, 8, 15], "texture": "#all", "cullface": "south"}, "west": {"uv": [7, 14, 8, 15], "texture": "#all", "cullface": "south"}, "down": {"uv": [7, 14, 8, 15], "texture": "#all", "cullface": "south"}}}, {"from": [6, 2, 16], "to": [8, 5, 16.5], "rotation": {"angle": 0, "axis": "y", "origin": [8, 8, 8]}, "faces": {"east": {"uv": [7, 11, 8, 14], "texture": "#all", "cullface": "south"}, "south": {"uv": [6, 11, 8, 14], "texture": "#all", "cullface": "south"}, "west": {"uv": [6, 11, 7, 14], "texture": "#all", "cullface": "south"}, "up": {"uv": [6, 11, 8, 12], "texture": "#all", "cullface": "south"}, "down": {"uv": [6, 13, 8, 14], "texture": "#all", "cullface": "south"}}}, {"from": [11, 16, 15], "to": [16, 16.5, 16], "rotation": {"angle": 0, "axis": "y", "origin": [8, 8, 8]}, "faces": {"north": {"uv": [11, 15, 16, 16], "rotation": 180, "texture": "#all", "cullface": "up"}, "east": {"uv": [15, 15, 16, 16], "rotation": 90, "texture": "#all", "cullface": "up"}, "south": {"uv": [11, 15, 16, 16], "texture": "#all", "cullface": "up"}, "west": {"uv": [11, 15, 12, 16], "rotation": 270, "texture": "#all", "cullface": "up"}, "up": {"uv": [11, 15, 16, 16], "texture": "#all", "cullface": "up"}}}, {"from": [12, 16, 14], "to": [14, 16.5, 15], "rotation": {"angle": 0, "axis": "y", "origin": [8, 8, 8]}, "faces": {"north": {"uv": [12, 14, 14, 15], "rotation": 180, "texture": "#all", "cullface": "up"}, "east": {"uv": [13, 14, 14, 15], "rotation": 90, "texture": "#all", "cullface": "up"}, "west": {"uv": [11, 15, 12, 16], "rotation": 270, "texture": "#all", "cullface": "up"}, "up": {"uv": [12, 14, 14, 15], "texture": "#all", "cullface": "up"}}}, {"from": [14, 16, 13], "to": [16, 16.5, 14], "rotation": {"angle": 0, "axis": "y", "origin": [8, 8, 8]}, "faces": {"east": {"uv": [15, 13, 16, 14], "rotation": 90, "texture": "#all", "cullface": "up"}, "south": {"uv": [14, 13, 16, 14], "texture": "#all", "cullface": "up"}, "west": {"uv": [14, 13, 15, 14], "rotation": 270, "texture": "#all", "cullface": "up"}, "up": {"uv": [14, 13, 16, 14], "texture": "#all", "cullface": "up"}}}, {"from": [12, 16, 11], "to": [16, 16.5, 13], "rotation": {"angle": 0, "axis": "y", "origin": [8, 8, 8]}, "faces": {"north": {"uv": [12, 11, 16, 12], "rotation": 180, "texture": "#all", "cullface": "up"}, "east": {"uv": [15, 11, 16, 13], "rotation": 90, "texture": "#all", "cullface": "up"}, "south": {"uv": [12, 12, 16, 13], "texture": "#all", "cullface": "up"}, "west": {"uv": [12, 11, 13, 13], "rotation": 270, "texture": "#all", "cullface": "up"}, "up": {"uv": [12, 11, 16, 13], "texture": "#all", "cullface": "up"}}}, {"from": [13, 16, 10], "to": [16, 16.5, 11], "rotation": {"angle": 0, "axis": "y", "origin": [8, 8, 8]}, "faces": {"north": {"uv": [13, 10, 16, 11], "rotation": 180, "texture": "#all", "cullface": "up"}, "east": {"uv": [15, 10, 16, 11], "rotation": 90, "texture": "#all", "cullface": "up"}, "west": {"uv": [13, 10, 14, 11], "rotation": 270, "texture": "#all", "cullface": "up"}, "up": {"uv": [13, 10, 16, 11], "texture": "#all", "cullface": "up"}}}, {"from": [13, 16, 9], "to": [15, 16.5, 10], "rotation": {"angle": 0, "axis": "y", "origin": [8, 8, 8]}, "faces": {"north": {"uv": [13, 9, 15, 10], "rotation": 180, "texture": "#all", "cullface": "up"}, "east": {"uv": [14, 9, 15, 10], "rotation": 90, "texture": "#all", "cullface": "up"}, "west": {"uv": [13, 9, 14, 10], "rotation": 270, "texture": "#all", "cullface": "up"}, "up": {"uv": [13, 9, 15, 10], "texture": "#all", "cullface": "up"}}}, {"from": [15, 16, 5], "to": [16, 16.5, 8], "rotation": {"angle": 0, "axis": "y", "origin": [8, 8, 8]}, "faces": {"north": {"uv": [15, 5, 16, 6], "rotation": 180, "texture": "#all", "cullface": "up"}, "east": {"uv": [15, 5, 16, 8], "rotation": 90, "texture": "#all", "cullface": "up"}, "south": {"uv": [15, 7, 16, 8], "texture": "#all", "cullface": "up"}, "west": {"uv": [15, 5, 16, 8], "rotation": 270, "texture": "#all", "cullface": "up"}, "up": {"uv": [15, 5, 16, 8], "texture": "#all", "cullface": "up"}}}, {"from": [13, 16, 7], "to": [14, 16.5, 8], "rotation": {"angle": 0, "axis": "y", "origin": [8, 8, 8]}, "faces": {"east": {"uv": [13, 7, 14, 8], "rotation": 90, "texture": "#all", "cullface": "up"}, "south": {"uv": [13, 7, 14, 8], "texture": "#all", "cullface": "up"}, "west": {"uv": [13, 7, 14, 8], "rotation": 270, "texture": "#all", "cullface": "up"}, "up": {"uv": [13, 7, 14, 8], "texture": "#all", "cullface": "up"}}}, {"from": [11, 16, 6], "to": [14, 16.5, 7], "rotation": {"angle": 0, "axis": "y", "origin": [8, 8, 8]}, "faces": {"east": {"uv": [13, 6, 14, 7], "rotation": 90, "texture": "#all", "cullface": "up"}, "south": {"uv": [11, 6, 14, 7], "texture": "#all", "cullface": "up"}, "west": {"uv": [11, 6, 12, 7], "rotation": 270, "texture": "#all", "cullface": "up"}, "up": {"uv": [11, 6, 14, 7], "texture": "#all", "cullface": "up"}}}, {"from": [9, 16, 5], "to": [14, 16.5, 6], "rotation": {"angle": 0, "axis": "y", "origin": [8, 8, 8]}, "faces": {"north": {"uv": [9, 5, 14, 6], "rotation": 180, "texture": "#all", "cullface": "up"}, "east": {"uv": [13, 5, 14, 6], "rotation": 90, "texture": "#all", "cullface": "up"}, "south": {"uv": [9, 5, 14, 6], "texture": "#all", "cullface": "up"}, "west": {"uv": [9, 5, 10, 6], "rotation": 270, "texture": "#all", "cullface": "up"}, "up": {"uv": [9, 5, 14, 6], "texture": "#all", "cullface": "up"}}}, {"from": [10, 16, 4], "to": [15, 16.5, 5], "rotation": {"angle": 0, "axis": "y", "origin": [8, 8, 8]}, "faces": {"north": {"uv": [10, 4, 15, 5], "rotation": 180, "texture": "#all", "cullface": "up"}, "east": {"uv": [14, 4, 15, 5], "rotation": 90, "texture": "#all", "cullface": "up"}, "south": {"uv": [10, 4, 15, 5], "texture": "#all", "cullface": "up"}, "west": {"uv": [10, 4, 11, 5], "rotation": 270, "texture": "#all", "cullface": "up"}, "up": {"uv": [10, 4, 15, 5], "texture": "#all", "cullface": "up"}}}, {"from": [11, 16, 3], "to": [14, 16.5, 4], "rotation": {"angle": 0, "axis": "y", "origin": [8, 8, 8]}, "faces": {"north": {"uv": [11, 3, 14, 4], "rotation": 180, "texture": "#all", "cullface": "up"}, "east": {"uv": [13, 3, 14, 4], "rotation": 90, "texture": "#all", "cullface": "up"}, "west": {"uv": [11, 3, 12, 4], "rotation": 270, "texture": "#all", "cullface": "up"}, "up": {"uv": [11, 3, 14, 4], "texture": "#all", "cullface": "up"}}}, {"from": [14, 16, 2], "to": [16, 16.5, 3], "rotation": {"angle": 0, "axis": "y", "origin": [8, 8, 8]}, "faces": {"east": {"uv": [15, 2, 16, 3], "rotation": 90, "texture": "#all", "cullface": "up"}, "south": {"uv": [14, 2, 16, 3], "texture": "#all", "cullface": "up"}, "west": {"uv": [14, 2, 15, 3], "rotation": 270, "texture": "#all", "cullface": "up"}, "up": {"uv": [14, 2, 16, 3], "texture": "#all", "cullface": "up"}}}, {"from": [13, 16, 1], "to": [16, 16.5, 2], "rotation": {"angle": 0, "axis": "y", "origin": [8, 8, 8]}, "faces": {"east": {"uv": [15, 1, 16, 2], "rotation": 90, "texture": "#all", "cullface": "up"}, "south": {"uv": [13, 1, 16, 2], "texture": "#all", "cullface": "up"}, "west": {"uv": [13, 1, 14, 2], "rotation": 270, "texture": "#all", "cullface": "up"}, "up": {"uv": [13, 1, 16, 2], "texture": "#all", "cullface": "up"}}}, {"from": [12, 16, 0], "to": [16, 16.5, 1], "rotation": {"angle": 0, "axis": "y", "origin": [8, 8, 8]}, "faces": {"north": {"uv": [12, 0, 16, 1], "rotation": 180, "texture": "#all", "cullface": "up"}, "east": {"uv": [15, 0, 16, 1], "rotation": 90, "texture": "#all", "cullface": "up"}, "south": {"uv": [12, 0, 16, 1], "texture": "#all", "cullface": "up"}, "west": {"uv": [12, 0, 13, 1], "rotation": 270, "texture": "#all", "cullface": "up"}, "up": {"uv": [12, 0, 16, 1], "texture": "#all", "cullface": "up"}}}, {"from": [7, 16, 0], "to": [11, 16.5, 1], "rotation": {"angle": 0, "axis": "y", "origin": [8, 8, 8]}, "faces": {"north": {"uv": [7, 0, 11, 1], "rotation": 180, "texture": "#all", "cullface": "up"}, "east": {"uv": [10, 0, 11, 1], "rotation": 90, "texture": "#all", "cullface": "up"}, "west": {"uv": [7, 0, 8, 1], "rotation": 270, "texture": "#all", "cullface": "up"}, "up": {"uv": [7, 0, 11, 1], "texture": "#all", "cullface": "up"}}}, {"from": [6, 16, 1], "to": [11, 16.5, 2], "rotation": {"angle": 0, "axis": "y", "origin": [8, 8, 8]}, "faces": {"north": {"uv": [6, 1, 11, 2], "rotation": 180, "texture": "#all", "cullface": "up"}, "east": {"uv": [10, 1, 11, 2], "rotation": 90, "texture": "#all", "cullface": "up"}, "south": {"uv": [6, 1, 11, 2], "texture": "#all", "cullface": "up"}, "west": {"uv": [6, 1, 7, 2], "rotation": 270, "texture": "#all", "cullface": "up"}, "up": {"uv": [6, 1, 11, 2], "texture": "#all", "cullface": "up"}}}, {"from": [6, 16, 2], "to": [10, 16.5, 3], "rotation": {"angle": 0, "axis": "y", "origin": [8, 8, 8]}, "faces": {"east": {"uv": [9, 2, 10, 3], "rotation": 90, "texture": "#all", "cullface": "up"}, "south": {"uv": [6, 2, 10, 3], "texture": "#all", "cullface": "up"}, "west": {"uv": [6, 2, 7, 3], "rotation": 270, "texture": "#all", "cullface": "up"}, "up": {"uv": [6, 2, 10, 3], "texture": "#all", "cullface": "up"}}}, {"from": [6, 16, 3], "to": [9, 16.5, 4], "rotation": {"angle": 0, "axis": "y", "origin": [8, 8, 8]}, "faces": {"east": {"uv": [8, 3, 9, 4], "rotation": 90, "texture": "#all", "cullface": "up"}, "south": {"uv": [6, 3, 9, 4], "texture": "#all", "cullface": "up"}, "west": {"uv": [6, 3, 7, 4], "rotation": 270, "texture": "#all", "cullface": "up"}, "up": {"uv": [6, 3, 9, 4], "texture": "#all", "cullface": "up"}}}, {"from": [7, 16, 4], "to": [8, 16.5, 5], "rotation": {"angle": 0, "axis": "y", "origin": [8, 8, 8]}, "faces": {"east": {"uv": [7, 4, 8, 5], "rotation": 90, "texture": "#all", "cullface": "up"}, "south": {"uv": [7, 4, 8, 5], "texture": "#all", "cullface": "up"}, "west": {"uv": [7, 4, 8, 5], "rotation": 270, "texture": "#all", "cullface": "up"}, "up": {"uv": [7, 4, 8, 5], "texture": "#all", "cullface": "up"}}}, {"from": [5, 16, 9], "to": [10, 16.5, 10], "rotation": {"angle": 0, "axis": "y", "origin": [8, 8, 8]}, "faces": {"north": {"uv": [5, 9, 10, 10], "rotation": 180, "texture": "#all", "cullface": "up"}, "east": {"uv": [9, 9, 10, 10], "rotation": 90, "texture": "#all", "cullface": "up"}, "south": {"uv": [5, 9, 10, 10], "texture": "#all", "cullface": "up"}, "west": {"uv": [5, 9, 6, 10], "rotation": 270, "texture": "#all", "cullface": "up"}, "up": {"uv": [5, 9, 10, 10], "texture": "#all", "cullface": "up"}}}, {"from": [7, 16, 8], "to": [12, 16.5, 9], "rotation": {"angle": 0, "axis": "y", "origin": [8, 8, 8]}, "faces": {"north": {"uv": [7, 8, 12, 9], "rotation": 180, "texture": "#all", "cullface": "up"}, "east": {"uv": [11, 8, 12, 9], "rotation": 90, "texture": "#all", "cullface": "up"}, "south": {"uv": [7, 8, 12, 9], "texture": "#all", "cullface": "up"}, "west": {"uv": [7, 8, 8, 9], "rotation": 270, "texture": "#all", "cullface": "up"}, "up": {"uv": [7, 8, 12, 9], "texture": "#all", "cullface": "up"}}}, {"from": [8, 16, 7], "to": [11, 16.5, 8], "rotation": {"angle": 0, "axis": "y", "origin": [8, 8, 8]}, "faces": {"north": {"uv": [8, 7, 11, 8], "rotation": 180, "texture": "#all", "cullface": "up"}, "east": {"uv": [10, 7, 11, 8], "rotation": 90, "texture": "#all", "cullface": "up"}, "west": {"uv": [8, 7, 9, 8], "rotation": 270, "texture": "#all", "cullface": "up"}, "up": {"uv": [8, 7, 11, 8], "texture": "#all", "cullface": "up"}}}, {"from": [4, 16, 7], "to": [7, 16.5, 8], "rotation": {"angle": 0, "axis": "y", "origin": [8, 8, 8]}, "faces": {"east": {"uv": [6, 7, 7, 8], "rotation": 90, "texture": "#all", "cullface": "up"}, "south": {"uv": [4, 7, 7, 8], "texture": "#all", "cullface": "up"}, "west": {"uv": [4, 7, 5, 8], "rotation": 270, "texture": "#all", "cullface": "up"}, "up": {"uv": [4, 7, 7, 8], "texture": "#all", "cullface": "up"}}}, {"from": [3, 16, 6], "to": [7, 16.5, 7], "rotation": {"angle": 0, "axis": "y", "origin": [8, 8, 8]}, "faces": {"north": {"uv": [3, 6, 7, 7], "rotation": 180, "texture": "#all", "cullface": "up"}, "east": {"uv": [6, 6, 7, 7], "rotation": 90, "texture": "#all", "cullface": "up"}, "south": {"uv": [3, 6, 7, 7], "texture": "#all", "cullface": "up"}, "west": {"uv": [3, 6, 4, 7], "rotation": 270, "texture": "#all", "cullface": "up"}, "up": {"uv": [3, 6, 7, 7], "texture": "#all", "cullface": "up"}}}, {"from": [2, 16, 5], "to": [6, 16.5, 6], "rotation": {"angle": 0, "axis": "y", "origin": [8, 8, 8]}, "faces": {"north": {"uv": [2, 5, 6, 6], "rotation": 180, "texture": "#all", "cullface": "up"}, "east": {"uv": [5, 5, 6, 6], "rotation": 90, "texture": "#all", "cullface": "up"}, "south": {"uv": [2, 5, 6, 6], "texture": "#all", "cullface": "up"}, "west": {"uv": [2, 5, 3, 6], "rotation": 270, "texture": "#all", "cullface": "up"}, "up": {"uv": [2, 5, 6, 6], "texture": "#all", "cullface": "up"}}}, {"from": [4, 16, 4], "to": [6, 16.5, 5], "rotation": {"angle": 0, "axis": "y", "origin": [8, 8, 8]}, "faces": {"north": {"uv": [4, 4, 6, 5], "rotation": 180, "texture": "#all", "cullface": "up"}, "east": {"uv": [5, 4, 6, 5], "rotation": 90, "texture": "#all", "cullface": "up"}, "west": {"uv": [4, 4, 5, 5], "rotation": 270, "texture": "#all", "cullface": "up"}, "up": {"uv": [4, 4, 6, 5], "texture": "#all", "cullface": "up"}}}, {"from": [2, 16, 3], "to": [3, 16.5, 4], "rotation": {"angle": 0, "axis": "y", "origin": [8, 8, 8]}, "faces": {"east": {"uv": [2, 3, 3, 4], "rotation": 90, "texture": "#all", "cullface": "up"}, "south": {"uv": [2, 3, 3, 4], "texture": "#all", "cullface": "up"}, "west": {"uv": [2, 3, 3, 4], "rotation": 270, "texture": "#all", "cullface": "up"}, "up": {"uv": [2, 3, 3, 4], "texture": "#all", "cullface": "up"}}}, {"from": [1, 16, 1], "to": [5, 16.5, 3], "rotation": {"angle": 0, "axis": "y", "origin": [8, 8, 8]}, "faces": {"north": {"uv": [1, 1, 5, 2], "rotation": 180, "texture": "#all", "cullface": "up"}, "east": {"uv": [4, 1, 5, 3], "rotation": 90, "texture": "#all", "cullface": "up"}, "south": {"uv": [1, 2, 5, 3], "texture": "#all", "cullface": "up"}, "west": {"uv": [1, 1, 2, 3], "rotation": 270, "texture": "#all", "cullface": "up"}, "up": {"uv": [1, 1, 5, 3], "texture": "#all", "cullface": "up"}}}, {"from": [2, 16, 0], "to": [4, 16.5, 1], "rotation": {"angle": 0, "axis": "y", "origin": [8, 8, 8]}, "faces": {"north": {"uv": [2, 0, 4, 1], "rotation": 180, "texture": "#all", "cullface": "up"}, "east": {"uv": [3, 0, 4, 1], "rotation": 90, "texture": "#all", "cullface": "up"}, "west": {"uv": [2, 0, 3, 1], "rotation": 270, "texture": "#all", "cullface": "up"}, "up": {"uv": [2, 0, 4, 1], "texture": "#all", "cullface": "up"}}}, {"from": [0, 16, 6], "to": [2, 16.5, 8], "rotation": {"angle": 0, "axis": "y", "origin": [8, 8, 8]}, "faces": {"north": {"uv": [0, 6, 2, 7], "rotation": 180, "texture": "#all", "cullface": "up"}, "east": {"uv": [1, 6, 2, 8], "rotation": 90, "texture": "#all", "cullface": "up"}, "south": {"uv": [0, 7, 2, 8], "texture": "#all", "cullface": "up"}, "west": {"uv": [0, 6, 1, 8], "rotation": 270, "texture": "#all", "cullface": "up"}, "up": {"uv": [0, 6, 2, 8], "texture": "#all", "cullface": "up"}}}, {"from": [0, 16, 5], "to": [1, 16.5, 6], "rotation": {"angle": 0, "axis": "y", "origin": [8, 8, 8]}, "faces": {"north": {"uv": [0, 5, 1, 6], "rotation": 180, "texture": "#all", "cullface": "up"}, "east": {"uv": [0, 5, 1, 6], "rotation": 90, "texture": "#all", "cullface": "up"}, "west": {"uv": [0, 5, 1, 6], "rotation": 270, "texture": "#all", "cullface": "up"}, "up": {"uv": [0, 5, 1, 6], "texture": "#all", "cullface": "up"}}}, {"from": [1, 16, 9], "to": [4, 16.5, 10], "rotation": {"angle": 0, "axis": "y", "origin": [8, 8, 8]}, "faces": {"north": {"uv": [1, 9, 4, 10], "rotation": 180, "texture": "#all", "cullface": "up"}, "east": {"uv": [3, 9, 4, 10], "rotation": 90, "texture": "#all", "cullface": "up"}, "south": {"uv": [1, 9, 4, 10], "texture": "#all", "cullface": "up"}, "west": {"uv": [1, 9, 2, 10], "rotation": 270, "texture": "#all", "cullface": "up"}, "up": {"uv": [1, 9, 4, 10], "texture": "#all", "cullface": "up"}}}, {"from": [2, 16, 8], "to": [4, 16.5, 9], "rotation": {"angle": 0, "axis": "y", "origin": [8, 8, 8]}, "faces": {"north": {"uv": [2, 8, 4, 9], "rotation": 180, "texture": "#all", "cullface": "up"}, "east": {"uv": [3, 8, 4, 9], "rotation": 90, "texture": "#all", "cullface": "up"}, "west": {"uv": [2, 8, 3, 9], "rotation": 270, "texture": "#all", "cullface": "up"}, "up": {"uv": [2, 8, 4, 9], "texture": "#all", "cullface": "up"}}}, {"from": [2, 16, 10], "to": [3, 16.5, 11], "rotation": {"angle": 0, "axis": "y", "origin": [8, 8, 8]}, "faces": {"east": {"uv": [2, 10, 3, 11], "rotation": 90, "texture": "#all", "cullface": "up"}, "south": {"uv": [2, 10, 3, 11], "texture": "#all", "cullface": "up"}, "west": {"uv": [2, 10, 3, 11], "rotation": 270, "texture": "#all", "cullface": "up"}, "up": {"uv": [2, 10, 3, 11], "texture": "#all", "cullface": "up"}}}, {"from": [2, 16, 12], "to": [4, 16.5, 13], "rotation": {"angle": 0, "axis": "y", "origin": [8, 8, 8]}, "faces": {"north": {"uv": [2, 12, 4, 13], "rotation": 180, "texture": "#all", "cullface": "up"}, "east": {"uv": [3, 12, 4, 13], "rotation": 90, "texture": "#all", "cullface": "up"}, "west": {"uv": [2, 12, 3, 13], "rotation": 270, "texture": "#all", "cullface": "up"}, "up": {"uv": [2, 12, 4, 13], "texture": "#all", "cullface": "up"}}}, {"from": [1, 16, 13], "to": [5, 16.5, 14], "rotation": {"angle": 0, "axis": "y", "origin": [8, 8, 8]}, "faces": {"north": {"uv": [1, 13, 5, 14], "rotation": 180, "texture": "#all", "cullface": "up"}, "east": {"uv": [4, 13, 5, 14], "rotation": 90, "texture": "#all", "cullface": "up"}, "west": {"uv": [1, 13, 2, 14], "rotation": 270, "texture": "#all", "cullface": "up"}, "up": {"uv": [1, 13, 5, 14], "texture": "#all", "cullface": "up"}}}, {"from": [0, 16, 14], "to": [6, 16.5, 16], "rotation": {"angle": 0, "axis": "y", "origin": [8, 8, 8]}, "faces": {"north": {"uv": [0, 14, 6, 15], "rotation": 180, "texture": "#all", "cullface": "up"}, "east": {"uv": [5, 14, 6, 16], "rotation": 90, "texture": "#all", "cullface": "up"}, "south": {"uv": [0, 15, 6, 16], "texture": "#all", "cullface": "up"}, "west": {"uv": [0, 14, 1, 16], "rotation": 270, "texture": "#all", "cullface": "up"}, "up": {"uv": [0, 14, 6, 16], "texture": "#all", "cullface": "up"}}}, {"from": [8, 16, 15], "to": [9, 16.5, 16], "rotation": {"angle": 0, "axis": "y", "origin": [8, 8, 8]}, "faces": {"east": {"uv": [8, 15, 9, 16], "rotation": 90, "texture": "#all", "cullface": "up"}, "south": {"uv": [8, 15, 9, 16], "texture": "#all", "cullface": "up"}, "west": {"uv": [8, 15, 9, 16], "rotation": 270, "texture": "#all", "cullface": "up"}, "up": {"uv": [8, 15, 9, 16], "texture": "#all", "cullface": "up"}}}, {"from": [7, 16, 14], "to": [10, 16.5, 15], "rotation": {"angle": 0, "axis": "y", "origin": [8, 8, 8]}, "faces": {"east": {"uv": [9, 14, 10, 15], "rotation": 90, "texture": "#all", "cullface": "up"}, "south": {"uv": [7, 14, 10, 15], "texture": "#all", "cullface": "up"}, "west": {"uv": [7, 14, 8, 15], "rotation": 270, "texture": "#all", "cullface": "up"}, "up": {"uv": [7, 14, 10, 15], "texture": "#all", "cullface": "up"}}}, {"from": [6, 16, 12], "to": [11, 16.5, 14], "rotation": {"angle": 0, "axis": "y", "origin": [8, 8, 8]}, "faces": {"north": {"uv": [6, 12, 11, 13], "rotation": 180, "texture": "#all", "cullface": "up"}, "east": {"uv": [10, 12, 11, 14], "rotation": 90, "texture": "#all", "cullface": "up"}, "south": {"uv": [6, 13, 11, 14], "texture": "#all", "cullface": "up"}, "west": {"uv": [6, 12, 7, 14], "rotation": 270, "texture": "#all", "cullface": "up"}, "up": {"uv": [6, 12, 11, 14], "texture": "#all", "cullface": "up"}}}, {"from": [6, 16, 11], "to": [10, 16.5, 12], "rotation": {"angle": 0, "axis": "y", "origin": [8, 8, 8]}, "faces": {"north": {"uv": [6, 11, 10, 12], "rotation": 180, "texture": "#all", "cullface": "up"}, "east": {"uv": [9, 11, 10, 12], "rotation": 90, "texture": "#all", "cullface": "up"}, "west": {"uv": [6, 11, 7, 12], "rotation": 270, "texture": "#all", "cullface": "up"}, "up": {"uv": [6, 11, 10, 12], "texture": "#all", "cullface": "up"}}}, {"from": [0, 8, 0], "to": [16, 16, 16], "rotation": {"angle": 0, "axis": "y", "origin": [8, 8, 8]}, "faces": {"north": {"uv": [0, 0, 16, 8], "texture": "#all", "cullface": "north"}, "east": {"uv": [0, 0, 16, 8], "texture": "#all", "cullface": "east"}, "south": {"uv": [0, 0, 16, 8], "texture": "#all", "cullface": "south"}, "west": {"uv": [0, 0, 16, 8], "texture": "#all", "cullface": "west"}, "up": {"uv": [0, 0, 16, 16], "texture": "#all", "cullface": "up"}, "down": {"uv": [0, 0, 16, 16], "texture": "#all"}}}, {"from": [0, 0, 8], "to": [8, 8, 16], "rotation": {"angle": 0, "axis": "y", "origin": [8, 8, 8]}, "faces": {"north": {"uv": [8, 8, 16, 16], "texture": "#all"}, "east": {"uv": [0, 8, 8, 16], "texture": "#all"}, "south": {"uv": [0, 8, 8, 16], "texture": "#all", "cullface": "south"}, "west": {"uv": [8, 8, 16, 16], "texture": "#all", "cullface": "west"}, "down": {"uv": [0, 0, 8, 8], "texture": "#all", "cullface": "down"}}}, {"from": [11, 7.5, 0], "to": [16, 8, 1], "rotation": {"angle": 0, "axis": "y", "origin": [0, 16, 16]}, "faces": {"north": {"uv": [16, 16, 11, 15], "texture": "#all"}, "east": {"uv": [16, 16, 15, 15], "rotation": 90, "texture": "#all"}, "south": {"uv": [16, 16, 11, 15], "rotation": 180, "texture": "#all"}, "west": {"uv": [12, 16, 11, 15], "rotation": 270, "texture": "#all"}, "down": {"uv": [11, 15, 16, 16], "texture": "#all"}}}, {"from": [12, 7.5, 1], "to": [14, 8, 2], "rotation": {"angle": 0, "axis": "y", "origin": [0, 16, 16]}, "faces": {"east": {"uv": [14, 15, 13, 14], "rotation": 90, "texture": "#all"}, "south": {"uv": [14, 15, 12, 14], "rotation": 180, "texture": "#all"}, "west": {"uv": [12, 16, 11, 15], "rotation": 270, "texture": "#all"}, "down": {"uv": [12, 14, 14, 15], "texture": "#all"}}}, {"from": [14, 7.5, 2], "to": [16, 8, 3], "rotation": {"angle": 0, "axis": "y", "origin": [0, 16, 16]}, "faces": {"north": {"uv": [16, 14, 14, 13], "texture": "#all"}, "east": {"uv": [16, 14, 15, 13], "rotation": 90, "texture": "#all"}, "west": {"uv": [15, 14, 14, 13], "rotation": 270, "texture": "#all"}, "down": {"uv": [14, 13, 16, 14], "texture": "#all"}}}, {"from": [12, 7.5, 3], "to": [16, 8, 5], "rotation": {"angle": 0, "axis": "y", "origin": [0, 16, 16]}, "faces": {"north": {"uv": [16, 13, 12, 12], "texture": "#all"}, "east": {"uv": [16, 13, 15, 11], "rotation": 90, "texture": "#all"}, "south": {"uv": [16, 12, 12, 11], "rotation": 180, "texture": "#all"}, "west": {"uv": [13, 13, 12, 11], "rotation": 270, "texture": "#all"}, "down": {"uv": [12, 11, 16, 13], "texture": "#all"}}}, {"from": [13, 7.5, 5], "to": [16, 8, 6], "rotation": {"angle": 0, "axis": "y", "origin": [0, 16, 16]}, "faces": {"east": {"uv": [16, 11, 15, 10], "rotation": 90, "texture": "#all"}, "south": {"uv": [16, 11, 13, 10], "rotation": 180, "texture": "#all"}, "west": {"uv": [14, 11, 13, 10], "rotation": 270, "texture": "#all"}, "down": {"uv": [13, 10, 16, 11], "texture": "#all"}}}, {"from": [13, 7.5, 6], "to": [15, 8, 7], "rotation": {"angle": 0, "axis": "y", "origin": [0, 16, 16]}, "faces": {"east": {"uv": [15, 10, 14, 9], "rotation": 90, "texture": "#all"}, "south": {"uv": [15, 10, 13, 9], "rotation": 180, "texture": "#all"}, "west": {"uv": [14, 10, 13, 9], "rotation": 270, "texture": "#all"}, "down": {"uv": [13, 9, 15, 10], "texture": "#all"}}}, {"from": [15, 7.5, 8], "to": [16, 8, 11], "rotation": {"angle": 0, "axis": "y", "origin": [0, 16, 16]}, "faces": {"north": {"uv": [16, 8, 15, 7], "texture": "#all"}, "east": {"uv": [16, 8, 15, 5], "rotation": 90, "texture": "#all"}, "south": {"uv": [16, 6, 15, 5], "rotation": 180, "texture": "#all"}, "west": {"uv": [16, 8, 15, 5], "rotation": 270, "texture": "#all"}, "down": {"uv": [15, 5, 16, 8], "texture": "#all"}}}, {"from": [13, 7.5, 8], "to": [14, 8, 9], "rotation": {"angle": 0, "axis": "y", "origin": [0, 16, 16]}, "faces": {"north": {"uv": [14, 8, 13, 7], "texture": "#all"}, "east": {"uv": [14, 8, 13, 7], "rotation": 90, "texture": "#all"}, "west": {"uv": [14, 8, 13, 7], "rotation": 270, "texture": "#all"}, "down": {"uv": [13, 7, 14, 8], "texture": "#all"}}}, {"from": [11, 7.5, 9], "to": [14, 8, 10], "rotation": {"angle": 0, "axis": "y", "origin": [0, 16, 16]}, "faces": {"north": {"uv": [14, 7, 11, 6], "texture": "#all"}, "east": {"uv": [14, 7, 13, 6], "rotation": 90, "texture": "#all"}, "west": {"uv": [12, 7, 11, 6], "rotation": 270, "texture": "#all"}, "down": {"uv": [11, 6, 14, 7], "texture": "#all"}}}, {"from": [9, 7.5, 10], "to": [14, 8, 11], "rotation": {"angle": 0, "axis": "y", "origin": [0, 16, 16]}, "faces": {"north": {"uv": [14, 6, 9, 5], "texture": "#all"}, "east": {"uv": [14, 6, 13, 5], "rotation": 90, "texture": "#all"}, "south": {"uv": [14, 6, 9, 5], "rotation": 180, "texture": "#all"}, "west": {"uv": [10, 6, 9, 5], "rotation": 270, "texture": "#all"}, "down": {"uv": [9, 5, 14, 6], "texture": "#all"}}}, {"from": [10, 7.5, 11], "to": [15, 8, 12], "rotation": {"angle": 0, "axis": "y", "origin": [0, 16, 16]}, "faces": {"north": {"uv": [15, 5, 10, 4], "texture": "#all"}, "east": {"uv": [15, 5, 14, 4], "rotation": 90, "texture": "#all"}, "south": {"uv": [15, 5, 10, 4], "rotation": 180, "texture": "#all"}, "west": {"uv": [11, 5, 10, 4], "rotation": 270, "texture": "#all"}, "down": {"uv": [10, 4, 15, 5], "texture": "#all"}}}, {"from": [11, 7.5, 12], "to": [14, 8, 13], "rotation": {"angle": 0, "axis": "y", "origin": [0, 16, 16]}, "faces": {"east": {"uv": [14, 4, 13, 3], "rotation": 90, "texture": "#all"}, "south": {"uv": [14, 4, 11, 3], "rotation": 180, "texture": "#all"}, "west": {"uv": [12, 4, 11, 3], "rotation": 270, "texture": "#all"}, "down": {"uv": [11, 3, 14, 4], "texture": "#all"}}}, {"from": [14, 7.5, 13], "to": [16, 8, 14], "rotation": {"angle": 0, "axis": "y", "origin": [0, 16, 16]}, "faces": {"north": {"uv": [16, 3, 14, 2], "texture": "#all"}, "east": {"uv": [16, 3, 15, 2], "rotation": 90, "texture": "#all"}, "west": {"uv": [15, 3, 14, 2], "rotation": 270, "texture": "#all"}, "down": {"uv": [14, 2, 16, 3], "texture": "#all"}}}, {"from": [13, 7.5, 14], "to": [16, 8, 15], "rotation": {"angle": 0, "axis": "y", "origin": [0, 16, 16]}, "faces": {"north": {"uv": [16, 2, 13, 1], "texture": "#all"}, "east": {"uv": [16, 2, 15, 1], "rotation": 90, "texture": "#all"}, "west": {"uv": [14, 2, 13, 1], "rotation": 270, "texture": "#all"}, "down": {"uv": [13, 1, 16, 2], "texture": "#all"}}}, {"from": [12, 7.5, 15], "to": [16, 8, 16], "rotation": {"angle": 0, "axis": "y", "origin": [0, 16, 16]}, "faces": {"north": {"uv": [16, 1, 12, 0], "texture": "#all"}, "east": {"uv": [16, 1, 15, 0], "rotation": 90, "texture": "#all"}, "south": {"uv": [16, 1, 12, 0], "rotation": 180, "texture": "#all"}, "west": {"uv": [13, 1, 12, 0], "rotation": 270, "texture": "#all"}, "down": {"uv": [12, 0, 16, 1], "texture": "#all"}}}, {"from": [8, 7.5, 14], "to": [11, 8, 16], "rotation": {"angle": 0, "axis": "y", "origin": [0, 16, 16]}, "faces": {"north": {"uv": [11, 2, 8, 1], "texture": "#all"}, "east": {"uv": [11, 2, 10, 0], "rotation": 90, "texture": "#all"}, "south": {"uv": [11, 1, 8, 0], "rotation": 180, "texture": "#all"}, "down": {"uv": [8, 0, 11, 2], "texture": "#all"}}}, {"from": [8, 7.5, 13], "to": [10, 8, 14], "rotation": {"angle": 0, "axis": "y", "origin": [0, 16, 16]}, "faces": {"north": {"uv": [10, 3, 8, 2], "texture": "#all"}, "east": {"uv": [10, 3, 9, 2], "rotation": 90, "texture": "#all"}, "down": {"uv": [8, 2, 10, 3], "texture": "#all"}}}, {"from": [8, 7.5, 12], "to": [9, 8, 13], "rotation": {"angle": 0, "axis": "y", "origin": [0, 16, 16]}, "faces": {"north": {"uv": [9, 4, 8, 3], "texture": "#all"}, "east": {"uv": [9, 4, 8, 3], "rotation": 90, "texture": "#all"}, "down": {"uv": [8, 3, 9, 4], "texture": "#all"}}}, {"from": [5, 7.5, 6], "to": [10, 8, 7], "rotation": {"angle": 0, "axis": "y", "origin": [0, 16, 16]}, "faces": {"north": {"uv": [10, 10, 5, 9], "texture": "#all"}, "east": {"uv": [10, 10, 9, 9], "rotation": 90, "texture": "#all"}, "south": {"uv": [10, 10, 5, 9], "rotation": 180, "texture": "#all"}, "west": {"uv": [6, 10, 5, 9], "rotation": 270, "texture": "#all"}, "down": {"uv": [5, 9, 10, 10], "texture": "#all"}}}, {"from": [7, 7.5, 7], "to": [12, 8, 8], "rotation": {"angle": 0, "axis": "y", "origin": [0, 16, 16]}, "faces": {"north": {"uv": [12, 9, 7, 8], "texture": "#all"}, "east": {"uv": [12, 9, 11, 8], "rotation": 90, "texture": "#all"}, "south": {"uv": [12, 9, 7, 8], "rotation": 180, "texture": "#all"}, "west": {"uv": [8, 9, 7, 8], "rotation": 270, "texture": "#all"}, "down": {"uv": [7, 8, 12, 9], "texture": "#all"}}}, {"from": [8, 7.5, 8], "to": [11, 8, 9], "rotation": {"angle": 0, "axis": "y", "origin": [0, 16, 16]}, "faces": {"east": {"uv": [11, 8, 10, 7], "rotation": 90, "texture": "#all"}, "south": {"uv": [11, 8, 8, 7], "rotation": 180, "texture": "#all"}, "down": {"uv": [8, 7, 11, 8], "texture": "#all"}}}, {"from": [1, 7.5, 6], "to": [4, 8, 7], "rotation": {"angle": 0, "axis": "y", "origin": [0, 16, 16]}, "faces": {"north": {"uv": [4, 10, 1, 9], "texture": "#all"}, "east": {"uv": [4, 10, 3, 9], "rotation": 90, "texture": "#all"}, "south": {"uv": [4, 10, 1, 9], "rotation": 180, "texture": "#all"}, "west": {"uv": [2, 10, 1, 9], "rotation": 270, "texture": "#all"}, "down": {"uv": [1, 9, 4, 10], "texture": "#all"}}}, {"from": [2, 7.5, 7], "to": [4, 8, 8], "rotation": {"angle": 0, "axis": "y", "origin": [0, 16, 16]}, "faces": {"east": {"uv": [4, 9, 3, 8], "rotation": 90, "texture": "#all"}, "west": {"uv": [3, 9, 2, 8], "rotation": 270, "texture": "#all"}, "down": {"uv": [2, 8, 4, 9], "texture": "#all"}}}, {"from": [2, 7.5, 5], "to": [3, 8, 6], "rotation": {"angle": 0, "axis": "y", "origin": [0, 16, 16]}, "faces": {"north": {"uv": [3, 11, 2, 10], "texture": "#all"}, "east": {"uv": [3, 11, 2, 10], "rotation": 90, "texture": "#all"}, "west": {"uv": [3, 11, 2, 10], "rotation": 270, "texture": "#all"}, "down": {"uv": [2, 10, 3, 11], "texture": "#all"}}}, {"from": [2, 7.5, 3], "to": [4, 8, 4], "rotation": {"angle": 0, "axis": "y", "origin": [0, 16, 16]}, "faces": {"east": {"uv": [4, 13, 3, 12], "rotation": 90, "texture": "#all"}, "south": {"uv": [4, 13, 2, 12], "rotation": 180, "texture": "#all"}, "west": {"uv": [3, 13, 2, 12], "rotation": 270, "texture": "#all"}, "down": {"uv": [2, 12, 4, 13], "texture": "#all"}}}, {"from": [1, 7.5, 2], "to": [5, 8, 3], "rotation": {"angle": 0, "axis": "y", "origin": [0, 16, 16]}, "faces": {"east": {"uv": [5, 14, 4, 13], "rotation": 90, "texture": "#all"}, "south": {"uv": [5, 14, 1, 13], "rotation": 180, "texture": "#all"}, "west": {"uv": [2, 14, 1, 13], "rotation": 270, "texture": "#all"}, "down": {"uv": [1, 13, 5, 14], "texture": "#all"}}}, {"from": [0, 7.5, 0], "to": [6, 8, 2], "rotation": {"angle": 0, "axis": "y", "origin": [0, 16, 16]}, "faces": {"north": {"uv": [6, 16, 0, 15], "texture": "#all"}, "east": {"uv": [6, 16, 5, 14], "rotation": 90, "texture": "#all"}, "south": {"uv": [6, 15, 0, 14], "rotation": 180, "texture": "#all"}, "west": {"uv": [1, 16, 0, 14], "rotation": 270, "texture": "#all"}, "down": {"uv": [0, 14, 6, 16], "texture": "#all"}}}, {"from": [8, 7.5, 0], "to": [9, 8, 1], "rotation": {"angle": 0, "axis": "y", "origin": [0, 16, 16]}, "faces": {"north": {"uv": [9, 16, 8, 15], "texture": "#all"}, "east": {"uv": [9, 16, 8, 15], "rotation": 90, "texture": "#all"}, "west": {"uv": [9, 16, 8, 15], "rotation": 270, "texture": "#all"}, "down": {"uv": [8, 15, 9, 16], "texture": "#all"}}}, {"from": [7, 7.5, 1], "to": [10, 8, 2], "rotation": {"angle": 0, "axis": "y", "origin": [0, 16, 16]}, "faces": {"north": {"uv": [10, 15, 7, 14], "texture": "#all"}, "east": {"uv": [10, 15, 9, 14], "rotation": 90, "texture": "#all"}, "west": {"uv": [8, 15, 7, 14], "rotation": 270, "texture": "#all"}, "down": {"uv": [7, 14, 10, 15], "texture": "#all"}}}, {"from": [6, 7.5, 2], "to": [11, 8, 4], "rotation": {"angle": 0, "axis": "y", "origin": [0, 16, 16]}, "faces": {"north": {"uv": [11, 14, 6, 13], "texture": "#all"}, "east": {"uv": [11, 14, 10, 12], "rotation": 90, "texture": "#all"}, "south": {"uv": [11, 13, 6, 12], "rotation": 180, "texture": "#all"}, "west": {"uv": [7, 14, 6, 12], "rotation": 270, "texture": "#all"}, "down": {"uv": [6, 12, 11, 14], "texture": "#all"}}}, {"from": [6, 7.5, 4], "to": [10, 8, 5], "rotation": {"angle": 0, "axis": "y", "origin": [0, 16, 16]}, "faces": {"east": {"uv": [10, 12, 9, 11], "rotation": 90, "texture": "#all"}, "south": {"uv": [10, 12, 6, 11], "rotation": 180, "texture": "#all"}, "west": {"uv": [7, 12, 6, 11], "rotation": 270, "texture": "#all"}, "down": {"uv": [6, 11, 10, 12], "texture": "#all"}}}, {"from": [6, -0.5, 12], "to": [7, 0, 15], "rotation": {"angle": 0, "axis": "y", "origin": [0, 16, 16]}, "faces": {"north": {"uv": [7, 4, 6, 3], "texture": "#all", "cullface": "down"}, "south": {"uv": [7, 2, 6, 1], "rotation": 180, "texture": "#all", "cullface": "down"}, "west": {"uv": [7, 4, 6, 1], "rotation": 270, "texture": "#all", "cullface": "down"}, "down": {"uv": [6, 1, 7, 4], "texture": "#all", "cullface": "down"}}}, {"from": [7, -0.5, 11], "to": [8, 0, 16], "rotation": {"angle": 0, "axis": "y", "origin": [0, 16, 16]}, "faces": {"north": {"uv": [8, 5, 7, 4], "texture": "#all", "cullface": "down"}, "east": {"uv": [8, 5, 7, 0], "rotation": 90, "texture": "#all", "cullface": "down"}, "south": {"uv": [8, 1, 7, 0], "texture": "#all", "cullface": "down"}, "west": {"uv": [8, 5, 7, 0], "rotation": 270, "texture": "#all", "cullface": "down"}, "down": {"uv": [7, 0, 8, 5], "texture": "#all", "cullface": "down"}}}, {"from": [4, -0.5, 8], "to": [7, 0, 9], "rotation": {"angle": 0, "axis": "y", "origin": [0, 16, 16]}, "faces": {"north": {"uv": [7, 8, 4, 7], "texture": "#all", "cullface": "down"}, "east": {"uv": [7, 8, 6, 7], "rotation": 90, "texture": "#all", "cullface": "down"}, "west": {"uv": [5, 8, 4, 7], "rotation": 270, "texture": "#all", "cullface": "down"}, "down": {"uv": [4, 7, 7, 8], "texture": "#all", "cullface": "down"}}}, {"from": [3, -0.5, 9], "to": [7, 0, 10], "rotation": {"angle": 0, "axis": "y", "origin": [0, 16, 16]}, "faces": {"north": {"uv": [7, 7, 3, 6], "texture": "#all", "cullface": "down"}, "east": {"uv": [7, 7, 6, 6], "rotation": 90, "texture": "#all", "cullface": "down"}, "south": {"uv": [7, 7, 3, 6], "rotation": 180, "texture": "#all", "cullface": "down"}, "west": {"uv": [4, 7, 3, 6], "rotation": 270, "texture": "#all", "cullface": "down"}, "down": {"uv": [3, 6, 7, 7], "texture": "#all", "cullface": "down"}}}, {"from": [0, -0.5, 8], "to": [2, 0, 10], "rotation": {"angle": 0, "axis": "y", "origin": [0, 16, 16]}, "faces": {"north": {"uv": [2, 8, 0, 7], "texture": "#all", "cullface": "down"}, "east": {"uv": [2, 8, 1, 6], "rotation": 90, "texture": "#all", "cullface": "down"}, "south": {"uv": [2, 7, 0, 6], "rotation": 180, "texture": "#all", "cullface": "down"}, "west": {"uv": [1, 8, 0, 6], "rotation": 270, "texture": "#all", "cullface": "down"}, "down": {"uv": [0, 6, 2, 8], "texture": "#all", "cullface": "down"}}}, {"from": [2, -0.5, 10], "to": [6, 0, 11], "rotation": {"angle": 0, "axis": "y", "origin": [0, 16, 16]}, "faces": {"north": {"uv": [6, 6, 2, 5], "texture": "#all", "cullface": "down"}, "east": {"uv": [6, 6, 5, 5], "rotation": 90, "texture": "#all", "cullface": "down"}, "south": {"uv": [6, 6, 2, 5], "rotation": 180, "texture": "#all", "cullface": "down"}, "west": {"uv": [3, 6, 2, 5], "rotation": 270, "texture": "#all", "cullface": "down"}, "down": {"uv": [2, 5, 6, 6], "texture": "#all", "cullface": "down"}}}, {"from": [4, -0.5, 11], "to": [6, 0, 12], "rotation": {"angle": 0, "axis": "y", "origin": [0, 16, 16]}, "faces": {"east": {"uv": [6, 5, 5, 4], "rotation": 90, "texture": "#all", "cullface": "down"}, "south": {"uv": [6, 5, 4, 4], "rotation": 180, "texture": "#all", "cullface": "down"}, "west": {"uv": [5, 5, 4, 4], "rotation": 270, "texture": "#all", "cullface": "down"}, "down": {"uv": [4, 4, 6, 5], "texture": "#all", "cullface": "down"}}}, {"from": [2, -0.5, 12], "to": [3, 0, 13], "rotation": {"angle": 0, "axis": "y", "origin": [0, 16, 16]}, "faces": {"north": {"uv": [3, 4, 2, 3], "texture": "#all", "cullface": "down"}, "east": {"uv": [3, 4, 2, 3], "rotation": 90, "texture": "#all", "cullface": "down"}, "west": {"uv": [3, 4, 2, 3], "rotation": 270, "texture": "#all", "cullface": "down"}, "down": {"uv": [2, 3, 3, 4], "texture": "#all", "cullface": "down"}}}, {"from": [1, -0.5, 13], "to": [5, 0, 15], "rotation": {"angle": 0, "axis": "y", "origin": [0, 16, 16]}, "faces": {"north": {"uv": [5, 3, 1, 2], "texture": "#all", "cullface": "down"}, "east": {"uv": [5, 3, 4, 1], "rotation": 90, "texture": "#all", "cullface": "down"}, "south": {"uv": [5, 2, 1, 1], "rotation": 180, "texture": "#all", "cullface": "down"}, "west": {"uv": [2, 3, 1, 1], "rotation": 270, "texture": "#all", "cullface": "down"}, "down": {"uv": [1, 1, 5, 3], "texture": "#all", "cullface": "down"}}}, {"from": [2, -0.5, 15], "to": [4, 0, 16], "rotation": {"angle": 0, "axis": "y", "origin": [0, 16, 16]}, "faces": {"east": {"uv": [4, 1, 3, 0], "rotation": 90, "texture": "#all", "cullface": "down"}, "south": {"uv": [4, 1, 2, 0], "rotation": 180, "texture": "#all", "cullface": "down"}, "west": {"uv": [3, 1, 2, 0], "rotation": 270, "texture": "#all", "cullface": "down"}, "down": {"uv": [2, 0, 4, 1], "texture": "#all", "cullface": "down"}}}, {"from": [0, -0.5, 10], "to": [1, 0, 11], "rotation": {"angle": 0, "axis": "y", "origin": [0, 16, 16]}, "faces": {"east": {"uv": [1, 6, 0, 5], "rotation": 90, "texture": "#all", "cullface": "down"}, "south": {"uv": [1, 6, 0, 5], "rotation": 180, "texture": "#all", "cullface": "down"}, "west": {"uv": [1, 6, 0, 5], "rotation": 270, "texture": "#all", "cullface": "down"}, "down": {"uv": [0, 5, 1, 6], "texture": "#all", "cullface": "down"}}}], "display": {"thirdperson_righthand": {"scale": [0.375, 0.375, 0.375]}, "thirdperson_lefthand": {"rotation": [75, 45, 0], "translation": [0, 2.5, 0], "scale": [0.375, 0.375, 0.375]}, "firstperson_righthand": {"rotation": [0, 45, 0], "scale": [0.4, 0.4, 0.4]}, "firstperson_lefthand": {"rotation": [0, 225, 0], "scale": [0.4, 0.4, 0.4]}, "ground": {"translation": [0, 3, 0], "scale": [0.25, 0.25, 0.25]}, "gui": {"rotation": [30, 225, 0], "scale": [0.625, 0.625, 0.625]}, "head": {"rotation": [-60, 0, 0], "translation": [0, 5, -9]}, "fixed": {"scale": [0.5, 0.5, 0.5]}}, "groups": [{"name": "west", "origin": [8, 8, 8], "color": 0, "children": [0, 1, 2, 3, 4, 5, 6, 7, 8, 9, 10, 11, 12, 13, 14, 15, 16, 17, 18, 19, 20, 21, 22, 23, 24, 25, 26, 27, 28, 29, 30, 31, 32, 33, 34]}, {"name": "other north", "origin": [0, 0, 0], "color": 0, "children": [35, 36, 37, 38, 39, 40, 41, 42, 43, 44, 45]}, {"name": "north", "origin": [8, 8, 8], "color": 0, "children": [46, 47, 48, 49, 50, 51, 52, 53, 54, 55, 56, 57, 58, 59, 60, 61, 62, 63, 64, 65, 66, 67, 68, 69]}, {"name": "other east", "origin": [0, 0, 0], "color": 0, "children": [70, 71, 72, 73, 74, 75, 76, 77, 78, 79]}, {"name": "east", "origin": [8, 8, 8], "color": 0, "children": [80, 81, 82, 83, 84, 85, 86, 87, 88, 89, 90, 91, 92, 93, 94, 95, 96, 97, 98, 99, 100, 101, 102, 103]}, {"name": "south", "origin": [8, 8, 8], "color": 0, "children": [104, 105, 106, 107, 108, 109, 110, 111, 112, 113, 114, 115, 116, 117, 118, 119, 120, 121, 122, 123, 124, 125, 126, 127, 128, 129, 130, 131, 132, 133, 134, 135, 136, 137]}, {"name": "up", "origin": [8, 8, 8], "color": 0, "children": [138, 139, 140, 141, 142, 143, 144, 145, 146, 147, 148, 149, 150, 151, 152, 153, 154, 155, 156, 157, 158, 159, 160, 161, 162, 163, 164, 165, 166, 167, 168, 169, 170, 171, 172, 173, 174, 175, 176, 177, 178, 179]}, 180, 181, {"name": "other down", "origin": [8, 8, 8], "color": 0, "children": [182, 183, 184, 185, 186, 187, 188, 189, 190, 191, 192, 193, 194, 195, 196, 197, 198, 199, 200, 201, 202, 203, 204, 205, 206, 207, 208, 209, 210, 211, 212]}, {"name": "down", "origin": [0, 0, 0], "color": 0, "children": [213, 214, 215, 216, 217, 218, 219, 220, 221, 222, 223]}]}